keyword,gsc_pos_cur,gsc_avg_pos_cur,impr_cur,impr_prev,us_volume,cpc,current_ranking_url,recommended_target_url
electrical panel upgrade,3,30.94,52,67,9900,14.5,inphazeelectric.com/electrical-panels/,/electrical-panels/
electrical contractor orlando fl 32806,9,9.03,30,54,0,0,inphazeelectric.com/,/ (homepage)
electrician near me,4,13.06,35,35,823000,11.5,inphazeelectric.com/,/ (homepage)
ev charger installation,4,11.74,43,18,49500,5.7,www.inphazeelectric.com/blog/ev-charger-installation-cost-orlando,/ev-charging-stations/
electrical contractor,9,12.69,5,52,60500,13.3,www.inphazeelectric.com/,/ (homepage)
circuit breaker repair,10,10.12,26,21,2400,14.1,inphazeelectric.com/electrical-panels/,/electrical-panels/
electrician,11,11.94,17,29,823000,18.1,inphazeelectric.com/,/ (homepage)
electrician orlando,4,14.6,18,21,1000,20.2,inphazeelectric.com/,/ (homepage)
residential electrician,1,12.01,17,11,18100,22.5,inphazeelectric.com/,/ (homepage)
backup generator installation orlando fl houzz,4,3.76,21,6,0,0,www.inphazeelectric.com/,/generator-installation
electrical services,8,14.36,12,13,40500,18.7,inphazeelectric.com/,/ (homepage)
electrical panel upgrades,32,45.3,12,8,1900,6.3,inphazeelectric.com/electrical-panels/,/electrical-panels/
orlando electrician,2,17.04,9,11,1000,20.2,inphazeelectric.com/,/ (homepage)
surge protection services,28,27.75,8,11,40,2,inphazeelectric.com/home-lightning-surge-protection/,/home-lightning-surge-protection/
electrical services near me,10,17.4,9,7,12100,19.7,inphazeelectric.com/,/ (homepage)
electric panel upgrade,71,70.88,8,8,9900,17,inphazeelectric.com/how-to-upgrade-your-electrical-panel-for-a-safer-home/,/electrical-panels/
orlando electricians,1,3.07,7,9,1300,22.6,inphazeelectric.com/,/ (homepage)
panel upgrades,1,37.83,4,11,2400,12.9,inphazeelectric.com/electrical-panels/,/electrical-panels/
ev installation,32,31.88,8,7,1900,6.5,inphazeelectric.com/ev-charging-stations/,/ev-charging-stations/
electric car charger home installation,5,5,3,11,8100,5.5,inphazeelectric.com/how-to-install-a-tesla-charger-at-home-in-orlando/,/ev-charging-stations/
panel upgrade,64,81.94,9,4,2400,10.4,inphazeelectric.com/how-to-upgrade-your-electrical-panel-for-a-safer-home/,/electrical-panels/
electric car charger installation near me,19,19.44,9,3,720,7.6,inphazeelectric.com/how-to-install-a-tesla-charger-at-home-in-orlando/,/ev-charging-stations/
electrician to upgrade electrical panel,9,8.78,9,3,70,15.7,inphazeelectric.com/electric-panel-repair-vs-replacement/,/electrical-panels/
electrical companies near me,3,2.82,11,0,60500,21.8,www.inphazeelectric.com/,/ (homepage)
electrical companies,1,1,8,1,135000,14,www.inphazeelectric.com/,/ (homepage)
electrical installation services,46,46,6,3,2400,8.4,inphazeelectric.com/residential-and-commercial-electrical-services/,/ (homepage)
electrician apopka,8,7.83,6,3,90,22.7,www.inphazeelectric.com/apopka-electrician,/apopka-electrician
angi electricians orlando fl 32832 count,,,0,9,0,0,,/ (homepage)
ev charger installation cost,17,17,2,6,12100,2.9,inphazeelectric.com/ev-charger-installation-cost-florida/,/ev-charging-stations/ (cost/FAQ section)
ev installer,42,41.75,4,4,1600,6.4,inphazeelectric.com/ev-charging-stations/,/ev-charging-stations/
ev charger installation services,80,79.75,4,4,1000,0.9,inphazeelectric.com/ev-charging-stations/,/ev-charging-stations/
recessed lighting installation near me,18,20.88,4,4,390,7.9,inphazeelectric.com/,/lighting/
apopka electrician,11,37.75,7,1,90,22.5,www.inphazeelectric.com/apopka-electrician,/apopka-electrician
electrical contractors kissimmee fl standby generator,6,5.75,4,4,0,0,www.inphazeelectric.com/generator-installation,/kissimmee-electrician -> section linking to /generator-installation
electric car charger installation,7,16.5,6,1,49500,4.3,inphazeelectric.com/ev-charger-installation-cost-florida/,/ev-charging-stations/
electrician orlando fl,1,4.5,2,5,1900,33.6,www.inphazeelectric.com/orlando-electrician,/ (homepage)
electricians orlando,6,6.25,4,3,1000,20.2,inphazeelectric.com/,/ (homepage)
led lighting installer near me,20,19.5,2,5,170,8.8,inphazeelectric.com/lighting/,/lighting/
best orlando electrician,1,3.75,6,1,10,0,inphazeelectric.com/,/ (homepage)
low maintenance lighting,2,1.5,2,5,10,0,inphazeelectric.com/best-home-lighting-ideas-to-save-energy-and-money/,/lighting/
electrical services maitland,9,9,4,3,0,0,inphazeelectric.com/maitland/,/maitland-electrician
tesla charger installation,35,34.6,5,1,5400,3.4,inphazeelectric.com/how-to-install-a-tesla-charger-at-home-in-orlando/,/ev-charging-stations/
residential electrical services,97,97,1,5,4400,20.4,inphazeelectric.com/residential-and-commercial-electrical-services/,/ (homepage)
outlet replacement near me,21,20.75,4,2,260,26,www.inphazeelectric.com/receptacle-replacement,/receptacle-replacement
ev charging station installation companies,23,23,1,5,210,9.1,inphazeelectric.com/ev-charging-stations/,/ev-charging-stations/
circuit breaker repair company,20,20,1,5,10,0,inphazeelectric.com/electrical-panels/,/electrical-panels/
electrician 32801,15,14.75,4,2,10,22.8,www.inphazeelectric.com/orlando-electrician,/ (homepage)
led lighting company central florida,27,27,2,4,0,0,inphazeelectric.com/lighting/,/lighting/
electrical repair wekiva springs,5,5.33,6,0,0,0,www.inphazeelectric.com/longwood-electrician,/apopka-electrician -> section linking to /electrical-repair
ev charger installation oviedo,4,4,5,1,0,0,www.inphazeelectric.com/ev-charger-lake-mary,/oviedo-electrician -> section linking to /ev-charging-stations/
electrical repair oviedo,4,4.17,6,0,0,0,www.inphazeelectric.com/electrical-repair,/oviedo-electrician -> section linking to /electrical-repair
ev charging installation,45,44.67,3,3,0,0,inphazeelectric.com/ev-charging-stations/,/ev-charging-stations/
electrical installation service,44,43.75,4,1,27100,8.5,inphazeelectric.com/residential-and-commercial-electrical-services/,/ (homepage)
emergency electrician,18,17.5,2,3,22200,15.1,www.inphazeelectric.com/emergency-electrician,/emergency-electrician
electrical installation,22,21.5,4,1,18100,1.8,inphazeelectric.com/residential-and-commercial-electrical-services/,/ (homepage)
electrical repair,19,19,1,4,14800,12.3,inphazeelectric.com/,/electrical-repair
recessed lighting installation,4,4,2,3,12100,6,www.inphazeelectric.com/,/lighting/
ev charger installation near me,18,18.33,3,2,12100,7.3,inphazeelectric.com/ev-charging-stations/,/ev-charging-stations/
ev charger installer,81,81,2,3,1900,2.5,inphazeelectric.com/ev-charging-stations/,/ev-charging-stations/
electricians orlando fl,5,5,1,4,480,18.1,inphazeelectric.com/,/ (homepage)
lightning protection near me,,,0,5,170,5.5,,/home-lightning-surge-protection/
electrician winter garden,12,11.67,3,2,110,19.7,inphazeelectric.com/winter-garden/,/winter-garden-electrician
electrician apopka fl,5,4.8,5,0,40,25,www.inphazeelectric.com/apopka-electrician,/apopka-electrician
residential electrician orlando,3,4.5,1,4,10,15.5,inphazeelectric.com/,/ (homepage)
wekiva springs electrician,4,6,5,0,10,0,www.inphazeelectric.com/longwood-electrician,/apopka-electrician
electrical repair orlando fl,8,8,1,4,10,0,inphazeelectric.com/,/electrical-repair
commercial electrical panel upgrades,30,30,4,1,10,0,inphazeelectric.com/electrical-panels/,/electrical-panels/
zinsco panel lakeland,20,20.33,3,2,10,0,inphazeelectric.com/federal-pacific-zinsco-panel-safety/,/electrical-panels/
residential electrician orlando fl 32806 near 35 drennen rd,2,6.38,4,1,0,0,inphazeelectric.com/,/ (homepage)
chandelier installation orlando fl,1,1,1,4,0,0,www.inphazeelectric.com/,/ (homepage)
emergency electrician orlando,16,16.33,3,2,0,0,www.inphazeelectric.com/emergency-electrician,/emergency-electrician
electrical,2,10.25,2,2,1220000,10.4,inphazeelectric.com/,/ (homepage)
electricians near me,12,12,1,3,823000,11.5,inphazeelectric.com/,/ (homepage)
electrician company near me,10,10,2,2,27100,15.1,inphazeelectric.com/,/ (homepage)
licensed electrician near me,12,19.33,1,3,9900,19.5,www.inphazeelectric.com/kissimmee-electrician,/ (homepage)
electrician companies,,,0,4,6600,13.6,,/ (homepage)
electricians in my area,7,6.67,3,1,5400,11.2,inphazeelectric.com/,/ (homepage)
light fixture installation,6,6.5,4,0,4400,8.5,www.inphazeelectric.com/,/lighting/
electrical residential services,10,26.17,3,1,3600,17,inphazeelectric.com/,/ (homepage)
home electrical services,44,44,2,2,2400,10.4,inphazeelectric.com/residential-and-commercial-electrical-services/,/ (homepage)
upgrade electrical panel,46,56.25,2,2,1900,6,inphazeelectric.com/how-to-upgrade-your-electrical-panel-for-a-safer-home/,/electrical-panels/
electrical service upgrades,32,32,2,2,1300,11.9,inphazeelectric.com/electrical-panels/,/ (homepage)
maitland electrician,5,14.12,4,0,880,9,inphazeelectric.com/maitland/,/maitland-electrician
electrical gallery,6,6.25,4,0,880,29.2,www.inphazeelectric.com/gallery,/ (homepage)
ev charging station installers,64,64.33,3,1,720,7.3,inphazeelectric.com/ev-charging-stations/,/ev-charging-stations/
residential electrical panel,11,11,1,3,590,3.8,inphazeelectric.com/electric-panel-repair-vs-replacement/,/electrical-panels/
electrical contractor orlando fl,9,9,4,0,480,22.5,inphazeelectric.com/,/ (homepage)
electrical installation company,61,60.67,3,1,390,2.4,inphazeelectric.com/residential-and-commercial-electrical-services/,/ (homepage)
electrician maitland,7,6.67,3,1,390,12.3,inphazeelectric.com/maitland/,/maitland-electrician
electrician sanford,,,0,4,390,18.5,,/sanford-electrician
commercial lighting services,9,9.25,4,0,320,7.8,inphazeelectric.com/lighting/,/lighting/
electrical contractor orlando,1,1,1,3,260,22.9,www.inphazeelectric.com/,/ (homepage)
orlando residential electrician,6,5.5,4,0,50,27.5,inphazeelectric.com/,/ (homepage)
electrical services orlando,1,8,1,3,30,29,inphazeelectric.com/electrical-panels/,/ (homepage)
electrical services orlando fl,6,6.5,2,2,10,0,inphazeelectric.com/,/ (homepage)
electrician wekiva springs,5,5.62,4,0,10,0,www.inphazeelectric.com/apopka-electrician,/apopka-electrician
generator installation maitland,6,53.85,4,0,0,0,inphazeelectric.com/maitland/,/maitland-electrician -> section linking to /generator-installation
electrical surge protection services,66,66,2,2,0,0,inphazeelectric.com/home-lightning-surge-protection/,/home-lightning-surge-protection/
generator installation apopka,6,6,3,1,0,0,www.inphazeelectric.com/generator-installation,/apopka-electrician -> section linking to /generator-installation
local electrician orlando,7,7,4,0,0,0,inphazeelectric.com/,/ (homepage)
best electrician in orlando,3,3,2,2,0,0,inphazeelectric.com/,/ (homepage)
tesla charger installation orlando,18,18,3,1,0,0,inphazeelectric.com/how-to-install-a-tesla-charger-at-home-in-orlando/,/ev-charging-stations/
electrical company orlando,,,0,4,0,0,,/ (homepage)
who does cabling for tenant buildouts in orlando,4,4,1,3,0,0,www.inphazeelectric.com/commercial-electrician,/ (homepage)
tenant build-out electrician,21,20.67,3,1,0,0,www.inphazeelectric.com/commercial-electrician,/ (homepage)
electrical panel replacemen,,,0,4,0,0,,/electrical-panels/
electrical outlet repair orlando fl,10,12.62,4,0,0,0,www.inphazeelectric.com/gallery,/receptacle-replacement
whole home surge protector installation orlando,8,10.5,1,3,0,0,inphazeelectric.com/home-lightning-surge-protection/,/home-lightning-surge-protection/
electricians,10,19.75,2,1,823000,16.1,inphazeelectric.com/,/ (homepage)
electrical engineer,,,0,3,246000,9.6,,/ (homepage)
electrical near me,21,21,1,2,49500,13.5,www.inphazeelectric.com/,/ (homepage)
local electricians,8,8,1,2,27100,13.6,inphazeelectric.com/,/ (homepage)
electrical repairs,12,12,2,1,14800,12.3,inphazeelectric.com/,/electrical-repair
electrician services,9,9,2,1,9900,7.2,inphazeelectric.com/,/ (homepage)
home electric car charger installation,4,4,1,2,8100,5.5,inphazeelectric.com/how-to-install-a-tesla-charger-at-home-in-orlando/,/ev-charging-stations/
electrician for ev charger installation,83,83,1,2,1600,9.1,inphazeelectric.com/ev-charging-stations/,/ev-charging-stations/
electrician in orlando,6,5.67,3,0,1300,22.6,inphazeelectric.com/,/ (homepage)
residential electrical company,90,90,1,2,1000,20.5,inphazeelectric.com/residential-and-commercial-electrical-services/,/ (homepage)
electricians in orlando,1,3,1,2,1000,20.2,inphazeelectric.com/,/ (homepage)
led lighting contractors,44,43.67,3,0,590,4,inphazeelectric.com/lighting/,/lighting/
electric charging point installation,,,0,3,480,4.8,,/ev-charging-stations/
circuit breaker upgrades,31,31,1,2,480,7.3,inphazeelectric.com/electrical-panels/,/electrical-panels/
certified electrician for ev charging installation,99,99,1,2,390,13.8,inphazeelectric.com/ev-charging-stations/,/ev-charging-stations/
car charger installation cost,,,0,3,320,1.6,,/ev-charging-stations/ (cost/FAQ section)
electrical contractors orlando,18,18,1,2,260,20.1,inphazeelectric.com/,/ (homepage)
ev charging installation services,48,47.5,2,1,260,2.7,inphazeelectric.com/ev-charging-stations/,/ev-charging-stations/
whole house lightning protection,58,58,1,2,170,2,inphazeelectric.com/home-lightning-surge-protection/,/home-lightning-surge-protection/
home electrical panel upgrade,,,0,3,140,5.6,,/electrical-panels/
electrician oviedo,18,46.33,1,2,140,25.2,inphazeelectric.com/residential-and-commercial-electrical-services/,/oviedo-electrician
commercial electrician orlando fl,2,2,1,2,20,0,www.inphazeelectric.com/commercial-electrician,/commercial-electrician
circuit breaker electrician,16,16.5,2,1,20,0,inphazeelectric.com/electrical-panels/,/electrical-panels/
licensed electrician orlando fl,,,0,3,10,0,,/ (homepage)
circuit breaker installation near me,28,28,2,1,10,0,inphazeelectric.com/electrical-panels/,/electrical-panels/
orlando electrician services,,,0,3,10,0,,/ (homepage)
level 2 ev charger installation cost,20,20,1,2,10,3.1,inphazeelectric.com/ev-charger-installation-cost-florida/,/ev-charging-stations/ (cost/FAQ section)
generator installation winter garden,9,8.67,3,0,0,0,www.inphazeelectric.com/gallery,/winter-garden-electrician -> section linking to /generator-installation
commercial electricians orlando,7,7,1,2,0,0,inphazeelectric.com/,/commercial-electrician
commercial electrician sanford,11,10.67,3,0,0,0,www.inphazeelectric.com/sanford-electrician,/sanford-electrician -> section linking to /commercial-electrician
whole house surge protection winter haven fl,36,67.33,3,0,0,0,www.inphazeelectric.com/blog,/home-lightning-surge-protection/
led lighting installation fruitland park,,,0,3,0,0,,/lighting/
electrical repairs for home winter springs,,,0,3,0,0,,/winter-springs-electrician (NEW page) -> section linking to /electrical-repair
residential electric service installation in orlando,,,0,3,0,0,,/ (homepage)
electrical panel upgrade winter garden,8,8,3,0,0,0,www.inphazeelectric.com/gallery,/winter-garden-electrician -> section linking to /electrical-panels/
switch installation orlando fl,56,55.67,3,0,0,0,www.inphazeelectric.com/gallery,/ (homepage)
orlando electrical installation company,,,0,3,0,0,,/ (homepage)
4th street electric angi reviews,8,7.67,3,0,0,0,www.inphazeelectric.com/winter-park-electrician,/ (homepage)
electrical panel replacement orlando fl,15,15,1,2,0,0,inphazeelectric.com/electrical-panels/,/electrical-panels/
ev charger installation goldenrod,2,2,3,0,0,0,www.inphazeelectric.com/winter-park-electrician,/ev-charging-stations/
generator installers apopka,6,5.5,2,1,0,0,www.inphazeelectric.com/generator-installation,/apopka-electrician -> section linking to /generator-installation
generator installers oviedo,2,2,1,2,0,0,www.inphazeelectric.com/generator-installation,/oviedo-electrician -> section linking to /generator-installation
electrical panel upgrade winter springs,8,8,1,2,0,0,www.inphazeelectric.com/gallery,/winter-springs-electrician (NEW page) -> section linking to /electrical-panels/
best home generator winter park,7,7,1,2,0,0,inphazeelectric.com/solar-battery-storage-vs-generator-orlando/,/winter-park-electrician -> section linking to /generator-installation
electrician circuit breaker repair,,,0,3,0,0,,/electrical-panels/
ev charger installation apopka,2,9.38,3,0,0,0,www.inphazeelectric.com/apopka-electrician,/apopka-electrician -> section linking to /ev-charging-stations/
residential electrician in apopka fl,3,21.83,3,0,0,0,www.inphazeelectric.com/apopka-electrician,/apopka-electrician
residential electrical contractor orlando,,,0,3,0,0,,/ (homepage)
ceiling fan installation companies in orlando,1,1.33,3,0,0,0,www.inphazeelectric.com/,/lighting/
orlando residential electrical contractor,,,0,3,0,0,,/ (homepage)
residential electrical repair orlando,12,12,1,2,0,0,inphazeelectric.com/,/electrical-repair
interior lighting save energy,,,0,3,0,0,,/lighting/
residential ev charger installer,79,79,1,2,0,0,inphazeelectric.com/ev-charging-stations/,/ev-charging-stations/
replacement ev charger winter springs,11,11,1,2,0,0,www.inphazeelectric.com/winter-garden-electrician,/winter-springs-electrician (NEW page) -> section linking to /ev-charging-stations/
ev charger installation orlando,21,21,1,2,0,0,www.inphazeelectric.com/gallery,/ev-charging-stations/
electrical panel upgrade electrician,26,26,1,2,0,0,inphazeelectric.com/electric-panel-repair-vs-replacement/,/electrical-panels/
generator installation orlando fl,4,4,3,0,0,0,www.inphazeelectric.com/generator-installation,/generator-installation
gfci outlet installation orlando fl,,,0,3,0,0,,/receptacle-replacement
electrical panel upgrade maitland,7,6.67,3,0,0,0,www.inphazeelectric.com/blog?c=panels,/maitland-electrician -> section linking to /electrical-panels/
electric repair company winter springs,,,0,3,0,0,,/winter-springs-electrician (NEW page) -> section linking to /electrical-repair
residential electrical services orlando,5,5.33,3,0,0,0,inphazeelectric.com/,/ (homepage)
electric service orlando,10,10,1,2,0,0,inphazeelectric.com/,/ (homepage)
electrcian in orlando,6,6,3,0,0,0,inphazeelectric.com/,/ (homepage)
panel repair orlando fl,,,0,3,0,0,,/electrical-panels/
standby generator apopka,6,6,1,2,0,0,www.inphazeelectric.com/apopka-electrician,/apopka-electrician -> section linking to /generator-installation
ev charger install,8,8.33,3,0,0,0,www.inphazeelectric.com/blog/ev-charger-installation-cost-orlando,/ev-charging-stations/
electric,1,1,1,1,1220000,9.9,www.inphazeelectric.com/,/ (homepage)
electrical engineering,,,0,2,246000,7.4,,/ (homepage)
electrical company,8,8,2,0,135000,26.1,inphazeelectric.com/,/ (homepage)
electrical contractors,,,0,2,60500,13.3,,/ (homepage)
installing an electric car charging point,,,0,2,49500,5.8,,/ev-charging-stations/
commercial electricians,13,13,2,0,27100,22.6,inphazeelectric.com/,/commercial-electrician
emergency electrician near me,,,0,2,22200,19.2,,/emergency-electrician
local electrician,,,0,2,22200,16.6,,/ (homepage)
energy efficient lighting,76,76,1,1,18100,1.2,inphazeelectric.com/best-home-lighting-ideas-to-save-energy-and-money/,/lighting/
residential electricians,10,9.5,2,0,18100,22.5,inphazeelectric.com/,/ (homepage)
commercial electrician,21,21,1,1,18100,22.7,inphazeelectric.com/,/commercial-electrician
residential electrician near me,1,1,1,1,9900,24.3,www.inphazeelectric.com/,/ (homepage)
licensed electrician,1,1,2,0,9900,16.2,www.inphazeelectric.com/,/ (homepage)
commercial electrician near me,,,0,2,8100,34.4,,/commercial-electrician
electrician for electrical panel replacement,14,14.5,2,0,6600,0,inphazeelectric.com/electric-panel-repair-vs-replacement/,/electrical-panels/
ev charger installers near me,13,13,1,1,4400,6.3,inphazeelectric.com/ev-charging-stations/,/ev-charging-stations/
tesla charger install,10,10,2,0,4400,3.7,inphazeelectric.com/how-to-install-a-tesla-charger-at-home-in-orlando/,/ev-charging-stations/
electrical panel repairs,17,17,1,1,3600,28.4,inphazeelectric.com/electric-panel-repair-vs-replacement/,/electrical-panels/
electric vehicle charging station contractors,64,64,1,1,2900,12.2,inphazeelectric.com/ev-charging-stations/,/ev-charging-stations/
electric car charger installation cost,,,0,2,1900,1.6,,/ev-charging-stations/ (cost/FAQ section)
lighting energy efficiency,55,55,1,1,1900,1.2,inphazeelectric.com/best-home-lighting-ideas-to-save-energy-and-money/,/lighting/
residential electrical service,6,10.75,2,0,1600,11.4,inphazeelectric.com/,/ (homepage)
commercial electric company near me,14,14.5,2,0,1600,19.3,inphazeelectric.com/,/commercial-electrician
ev charging station installer,44,44,1,1,1600,7.6,inphazeelectric.com/ev-charging-stations/,/ev-charging-stations/
commercial electrician company,,,0,2,1300,13.8,,/commercial-electrician
residential electrical companies near me,10,10,1,1,1000,16.3,inphazeelectric.com/contacts/,/ (homepage)
ev charging installation companies,42,41.5,2,0,880,7,inphazeelectric.com/ev-charging-stations/,/ev-charging-stations/
electrical service company,8,8,2,0,880,10.1,inphazeelectric.com/,/ (homepage)
orlando electrical companies,16,16.5,2,0,880,15.3,inphazeelectric.com/,/ (homepage)
home electrical contractor,,,0,2,880,25.2,,/ (homepage)
electrical contractors in florida,26,26.5,2,0,720,7.3,www.inphazeelectric.com/,/ (homepage)
cost of installing ev charger at home,,,0,2,720,1.8,,/ev-charging-stations/ (cost/FAQ section)
ev charger electrician,,,0,2,720,12.8,,/ev-charging-stations/
electrical companies in orlando,,,0,2,590,11.8,,/ (homepage)
electrician florida,4,33,1,1,590,22.1,inphazeelectric.com/,/ (homepage)
low voltage electrician near me,11,11,2,0,480,17.4,www.inphazeelectric.com/,/ (homepage)
tesla charger electrician near me,24,23.5,2,0,480,14.6,inphazeelectric.com/how-to-install-a-tesla-charger-at-home-in-orlando/,/ev-charging-stations/
electrical service panel upgrade,,,0,2,390,18.3,,/electrical-panels/
electrical panel repair,24,24,2,0,390,11.9,inphazeelectric.com/electric-panel-repair-vs-replacement/,/electrical-panels/
24 hour emergency electrician near me,,,0,2,320,13.9,,/emergency-electrician
electrical panel update,,,0,2,320,5.4,,/electrical-panels/
orlando electrical contractor,15,15,2,0,260,19.1,inphazeelectric.com/,/ (homepage)
residential electrical service company,51,51,1,1,260,0,inphazeelectric.com/residential-and-commercial-electrical-services/,/ (homepage)
wiring contractor,61,61,1,1,260,4.2,inphazeelectric.com/residential-and-commercial-electrical-services/,/home-and-commercial-wiring/
electrician kissimmee fl,30,29.5,2,0,260,47.5,www.inphazeelectric.com/kissimmee-electrician,/kissimmee-electrician
tesla electrician near me,,,0,2,210,11.6,,/ev-charging-stations/
electrical maintenance company,,,0,2,210,4.2,,/ (homepage)
cost to install level 2 charger,,,0,2,210,2.1,,/ (homepage)
circuit breaker replacement near me,31,31,2,0,210,15,www.inphazeelectric.com/,/electrical-panels/
home electrical company,5,36.5,2,0,210,8.9,inphazeelectric.com/,/ (homepage)
electrician winter park,18,18,1,1,210,17.8,inphazeelectric.com/Winter-park/,/winter-park-electrician
electrician lake mary,25,25,1,1,170,40.6,www.inphazeelectric.com/lake-mary-electrician,/lake-mary-electrician
ev charging stations installation contractors,34,34.5,2,0,140,0,inphazeelectric.com/ev-charging-stations/,/ev-charging-stations/
winter garden electrician,10,10,1,1,110,18.5,inphazeelectric.com/winter-garden/,/winter-garden-electrician
led lighting installation services,44,44,1,1,110,1.8,inphazeelectric.com/lighting/,/lighting/
whole house surge protector installation near me,9,9,1,1,110,11.6,inphazeelectric.com/home-lightning-surge-protection/,/home-lightning-surge-protection/
aluminum wiring florida,12,12,2,0,110,7.1,www.inphazeelectric.com/aluminum-wiring-winter-springs,/home-and-commercial-wiring/
main panel upgrade,,,0,2,90,7.2,,/electrical-panels/
electrician near orlando fl,6,5.5,2,0,70,0,inphazeelectric.com/,/ (homepage)
electrical repair orlando,15,15,1,1,70,4.2,inphazeelectric.com/,/electrical-repair
commercial electrical contractors orlando fl,20,20,1,1,70,12,inphazeelectric.com/,/commercial-electrician
240v ev charger installation cost,22,22,2,0,70,6.2,inphazeelectric.com/ev-charger-installation-cost-florida/,/ev-charging-stations/ (cost/FAQ section)
local commercial electricians,13,13,2,0,70,13.9,inphazeelectric.com/,/commercial-electrician
led lighting services,,,0,2,70,8.5,,/lighting/
upgrade breaker panel,,,0,2,70,8.1,,/electrical-panels/
best electrical panel upgrade,76,76,1,1,40,7.6,inphazeelectric.com/how-to-upgrade-your-electrical-panel-for-a-safer-home/,/electrical-panels/
ceiling fan installation orlando,1,1,1,1,40,8.2,www.inphazeelectric.com/,/lighting/
electrician longwood,12,11.5,2,0,40,20.1,inphazeelectric.com/longwood/,/longwood-electrician
commercial electrician orlando,14,13.5,2,0,30,23.5,inphazeelectric.com/,/commercial-electrician
electrical panel upgrade near me,11,11,2,0,30,10.7,www.inphazeelectric.com/,/electrical-panels/
residential electrical panel installation,,,0,2,30,8,,/electrical-panels/
cost to upgrade circuit breaker,26,26,1,1,30,5.4,inphazeelectric.com/electrical-panels/,/electrical-panels/ (cost/FAQ section)
electrician winter garden fl,1,6,1,1,30,17.2,www.inphazeelectric.com/,/winter-garden-electrician
electrician oviedo fl,20,35.75,2,0,30,18.7,www.inphazeelectric.com/oviedo-electrician,/oviedo-electrician
licensed electrician orlando,6,6,2,0,20,22.1,inphazeelectric.com/,/ (homepage)
upgrade my electrical panel,,,0,2,20,7.1,,/electrical-panels/
commercial licensed electrician,12,12,2,0,20,0,inphazeelectric.com/,/commercial-electrician
tesla electric charger for home,22,22,1,1,20,0,inphazeelectric.com/how-to-install-a-tesla-charger-at-home-in-orlando/,/ev-charging-stations/
affordable electric car charger installation,25,25,2,0,20,0,www.inphazeelectric.com/blog/ev-charger-installation-cost-orlando,/ev-charging-stations/
residential electrician orlando fl,,,0,2,10,0,,/ (homepage)
ceiling fan installation orlando fl,5,5,1,1,10,0,www.inphazeelectric.com/,/lighting/
experienced electrical company,,,0,2,10,0,,/ (homepage)
electrical repairs orlando fl,8,8.5,2,0,10,0,inphazeelectric.com/most-common-residential-electrical-repairs-in-florida/,/electrical-repair
24 hour electrician orlando,54,64.25,2,0,10,0,inphazeelectric.com/residential-and-commercial-electrical-services/,/emergency-electrician
commercial wiring services,10,10,2,0,10,0,inphazeelectric.com/residential-and-commercial-electrical-services/,/home-and-commercial-wiring/
electrician baldwin park,4,7,1,1,10,6.8,inphazeelectric.com/Lake-Mary/,/ (homepage)
electrical installation services in orlando,,,0,2,0,0,,/ (homepage)
surge protection maintenance orlando fl,2,17.12,2,0,0,0,www.inphazeelectric.com/orlando-electrician,/home-lightning-surge-protection/
electrical panel repair grant-valkaria fl,41,58,2,0,0,0,www.inphazeelectric.com/panel-replacement-orlando,/electrical-panels/
chandelier replacement orlando,8,8,1,1,0,0,www.inphazeelectric.com/gallery,/ (homepage)
whole house standby generator orlando fl,21,21,2,0,0,0,www.inphazeelectric.com/generator-installation,/generator-installation
4-point inspection winter park fl,4,4,1,1,0,0,inphazeelectric.com/electrical-inspection-insurance-orlando/,/winter-park-electrician
electrician orlando florida,6,6,2,0,0,0,inphazeelectric.com/,/ (homepage)
lighting electrician orlando,9,9,1,1,0,0,www.inphazeelectric.com/orlando-electrician,/lighting/
electrician near me orlando,,,0,2,0,0,,/ (homepage)
commercial lighting services in orlando,12,12,2,0,0,0,inphazeelectric.com/lighting/,/lighting/
ev outlet installation orlando,8,8,1,1,0,0,www.inphazeelectric.com/ev-charger-lake-mary,/ev-charging-stations/
ev outlet installation altamonte springs,4,4,1,1,0,0,www.inphazeelectric.com/ev-charger-lake-mary,/altamonte-springs-electrician (NEW page) -> section linking to /ev-charging-stations/
residential electrical repair in orlando,7,7,2,0,0,0,inphazeelectric.com/,/electrical-repair
surge protection services orlando fl,1,21.67,2,0,0,0,www.inphazeelectric.com/,/home-lightning-surge-protection/
residential electrical installation in orlando,2,4,2,0,0,0,inphazeelectric.com/,/ (homepage)
electrical panel replacement orlando,,,0,2,0,0,,/electrical-panels/
electrical panel upgrade oviedo,8,14,2,0,0,0,www.inphazeelectric.com/gallery,/oviedo-electrician -> section linking to /electrical-panels/
generator services orlando fl,,,0,2,0,0,,/generator-installation
standby generator lake mary,36,36,1,1,0,0,www.inphazeelectric.com/generator-installation,/lake-mary-electrician -> section linking to /generator-installation
electrical panel upgrade wekiva springs,4,28,2,0,0,0,www.inphazeelectric.com/aluminum-wiring-longwood,/apopka-electrician -> section linking to /electrical-panels/
ev charging outlet installation winter springs,8,7.5,2,0,0,0,www.inphazeelectric.com/blog/ev-charger-installation-cost-orlando,/winter-springs-electrician (NEW page) -> section linking to /ev-charging-stations/
ev charger replacement orlando,8,8,1,1,0,0,inphazeelectric.com/how-to-install-an-ev-charging-station-at-home/,/ev-charging-stations/
residential electric repair service in orlando,,,0,2,0,0,,/electrical-repair
surge protection orlando fl,20,49,2,0,0,0,inphazeelectric.com/home-lightning-surge-protection/,/home-lightning-surge-protection/
ev home charger installation winter springs,7,7,1,1,0,0,www.inphazeelectric.com/blog/ev-charger-installation-cost-orlando,/winter-springs-electrician (NEW page) -> section linking to /ev-charging-stations/
electrical repair in orlando,16,16,2,0,0,0,inphazeelectric.com/,/electrical-repair
commercial electrical contractors,,,0,2,0,0,,/commercial-electrician
generator installation horizon west,7,20.5,2,0,0,0,www.inphazeelectric.com/winter-garden-electrician,/generator-installation
electrical wiring commercial in orlando,,,0,2,0,0,,/home-and-commercial-wiring/
commercial ev charging installers,94,94,2,0,0,0,inphazeelectric.com/ev-charging-stations/,/ev-charging-stations/
generator installation altamonte springs,,,0,2,0,0,,/altamonte-springs-electrician (NEW page) -> section linking to /generator-installation
electrical safety inspection in orlando,2,2,2,0,0,0,www.inphazeelectric.com/,/ (homepage)
conduit installation orlando,1,47.5,1,1,0,0,www.inphazeelectric.com/,/ (homepage)
electrical panel upgrade orlando,2,2,1,1,0,0,www.inphazeelectric.com/,/electrical-panels/
lighting fixture installation winter garden fl,1,1,2,0,0,0,www.inphazeelectric.com/,/winter-garden-electrician -> section linking to /lighting/
electrical panel upgrade horizon west,2,35.5,2,0,0,0,www.inphazeelectric.com/winter-garden-electrician,/electrical-panels/
ev charger installation ocoee,,,0,2,0,0,,/ocoee-electrician (NEW page) -> section linking to /ev-charging-stations/
generator outlet installation orlando fl,2,39,2,0,0,0,www.inphazeelectric.com/blog,/generator-installation
ev charging station installation companies in orlando,,,0,2,0,0,,/ev-charging-stations/
electric panel upgrade winter garden fl,1,1,2,0,0,0,www.inphazeelectric.com/,/winter-garden-electrician -> section linking to /electrical-panels/
orlando electrical repairs,17,17,2,0,0,0,inphazeelectric.com/,/electrical-repair
electrical rewiring orlando fl,,,0,2,0,0,,/home-and-commercial-wiring/
residential electrical company orlando,5,5,2,0,0,0,inphazeelectric.com/,/ (homepage)
swimming pool electrical inspections central florida,12,12,2,0,0,0,inphazeelectric.com/pool-wiring-safety-inspection-orlando/,/ (homepage)
whole home surge protector installation winter garden fl,,,0,2,0,0,,/winter-garden-electrician -> section linking to /home-lightning-surge-protection/
generator installation sanford,,,0,2,0,0,,/sanford-electrician -> section linking to /generator-installation
electric repair service orlando,,,0,2,0,0,,/electrical-repair
electrical repair bay lake,2,2,2,0,0,0,www.inphazeelectric.com/orlando-electrician,/electrical-repair
surge protection installation orlando fl,2,23.9,2,0,0,0,www.inphazeelectric.com/,/home-lightning-surge-protection/
home electrical safety inspection in orlando,,,0,2,0,0,,/ (homepage)
electrical contractors kissimmee fl,49,49,2,0,0,0,www.inphazeelectric.com/kissimmee-electrician,/kissimmee-electrician
standby generator installation longwood fl,,,0,2,0,0,,/longwood-electrician -> section linking to /generator-installation
ev charger installation winter springs,12,14,1,1,0,0,inphazeelectric.com/how-to-install-an-ev-charging-station-at-home/,/winter-springs-electrician (NEW page) -> section linking to /ev-charging-stations/
dix generators angi reviews lake mary fl,8,8,1,1,0,0,www.inphazeelectric.com/lake-mary-electrician,/lake-mary-electrician -> section linking to /generator-installation
ev charger installation windermere,8,57.94,2,0,0,0,www.inphazeelectric.com/blog/ev-charger-installation-cost-orlando,/windermere-electrician (NEW page) -> section linking to /ev-charging-stations/
home rewiring in apopka fl,20,20.5,2,0,0,0,www.inphazeelectric.com/apopka-electrician,/apopka-electrician -> section linking to /home-and-commercial-wiring/
electrical services baldwin park,3,3,1,1,0,0,inphazeelectric.com/Lake-Mary/,/ (homepage)
panel replacement orlando,,,0,2,0,0,,/electrical-panels/
ev charger installation winter garden,6,26.67,2,0,0,0,inphazeelectric.com/how-to-install-a-tesla-charger-at-home-in-orlando/,/winter-garden-electrician -> section linking to /ev-charging-stations/
electrical panel replacement grant-valkaria fl,44,56,2,0,0,0,www.inphazeelectric.com/winter-garden-electrician,/electrical-panels/
upgrade electrical panel in orlando,12,12.5,2,0,0,0,inphazeelectric.com/electrical-panel-upgrade-vs-replacement-whats-best-for-you/,/electrical-panels/
new electric installation orlando,14,14,2,0,0,0,inphazeelectric.com/,/ (homepage)
overloaded electrical panel repairs,20,20.5,2,0,0,0,inphazeelectric.com/electrical-panels/,/electrical-panels/
commercial electrical contractors near me,,,0,2,0,0,,/commercial-electrician
residential electrical repair service in orlando,,,0,2,0,0,,/electrical-repair
electrical repair service orlando,,,0,2,0,0,,/electrical-repair
home backup generator winter park,1,1,1,1,0,0,www.inphazeelectric.com/generator-installation,/winter-park-electrician -> section linking to /generator-installation
electric charger installation winter springs,9,9,1,1,0,0,www.inphazeelectric.com/blog/ev-charger-installation-cost-orlando,/winter-springs-electrician (NEW page)
electric repair in orlando,,,0,2,0,0,,/electrical-repair
aluminum wiring replacement orlando,,,0,2,0,0,,/home-and-commercial-wiring/
recessed lighting winter park,3,3,1,1,0,0,www.inphazeelectric.com/lighting-installation,/winter-park-electrician -> section linking to /lighting/
ev charging station contractors,54,54,1,1,0,0,inphazeelectric.com/ev-charging-stations/,/ev-charging-stations/
electric services in orlando,1,5.25,2,0,0,0,inphazeelectric.com/,/ (homepage)
residential electrical service in orlando,6,6,2,0,0,0,inphazeelectric.com/,/ (homepage)
electrician insurance orlando fl,8,8,1,1,0,0,inphazeelectric.com/electrical-panels/,/ (homepage)
electrical repairs for home orlando,7,7,1,1,0,0,inphazeelectric.com/,/electrical-repair
residential electric repair in orlando,,,0,2,0,0,,/electrical-repair
electrical repair near me,41,41,1,1,0,0,www.inphazeelectric.com/,/electrical-repair
whole house generator installation orlando fl,5,5,1,1,0,0,www.inphazeelectric.com/generator-installation,/generator-installation
orlando residential electric services,6,6,2,0,0,0,inphazeelectric.com/,/ (homepage)
circuit panel replacement near me,6,6,1,1,0,0,inphazeelectric.com/electrical-panels/,/electrical-panels/
electric companies orlando,,,0,2,0,0,,/ (homepage)
backup generator installation sanford fl,,,0,2,0,0,,/sanford-electrician -> section linking to /generator-installation
ev charger installation horizon west,2,2,2,0,0,0,www.inphazeelectric.com/winter-garden-electrician,/ev-charging-stations/
electrical services in orlando,7,7,1,1,0,0,inphazeelectric.com/,/ (homepage)
cost-effective lighting,,,0,2,0,0,,/lighting/ (cost/FAQ section)
home electrician orlando,,,0,2,0,0,,/ (homepage)
gallery+electrical,,,0,2,0,0,,/ (homepage)
electrician horizon west,,,0,2,0,0,,/ (homepage)
home generators oviedo,30,30,1,1,0,0,www.inphazeelectric.com/blog/portable-generator-interlock-vs-standby,/oviedo-electrician -> section linking to /generator-installation
standby generator oviedo,5,5,1,1,0,0,www.inphazeelectric.com/blog/portable-generator-interlock-vs-standby,/oviedo-electrician -> section linking to /generator-installation
goldenrod electrician,3,3,2,0,0,0,www.inphazeelectric.com/winter-park-electrician,/ (homepage)
orlando home electrician,,,0,2,0,0,,/ (homepage)
orlando surge protection,,,0,2,0,0,,/home-lightning-surge-protection/
electrician in sanford,,,0,2,0,0,,/sanford-electrician
electrician college park,5,7.5,1,1,0,0,inphazeelectric.com/Lake-Mary/,/ (homepage)
generators oviedo,,,0,2,0,0,,/oviedo-electrician -> section linking to /generator-installation
best electrician near me,,,0,2,0,0,,/ (homepage)
house rewiring orlando,16,16,1,1,0,0,www.inphazeelectric.com/whole-home-rewire,/home-and-commercial-wiring/
generator service apopka,6,6,1,1,0,0,www.inphazeelectric.com/generator-installation,/apopka-electrician -> section linking to /generator-installation
smart electric panels,24,24,2,0,0,0,inphazeelectric.com/electrical-panels/,/electrical-panels/
maitland elevator repair,54,54,1,1,0,0,www.inphazeelectric.com/maitland-electrician,/maitland-electrician -> section linking to /electrical-repair
backup generator oviedo,8,8,1,1,0,0,www.inphazeelectric.com/blog/portable-generator-interlock-vs-standby,/oviedo-electrician -> section linking to /generator-installation
electrician goldenrod fl,2,30.33,2,0,0,0,www.inphazeelectric.com/winter-park-electrician,/ (homepage)
generator install apopka,5,5,1,1,0,0,www.inphazeelectric.com/generator-installation,/apopka-electrician -> section linking to /generator-installation
generator repair oviedo,,,0,2,0,0,,/oviedo-electrician -> section linking to /generator-installation
electrican,1,1,1,0,823000,15.8,www.inphazeelectric.com/,/ (homepage)
electritian,,,0,1,550000,9.5,,/ (homepage)
electrical engineeirng,6,6,1,0,246000,4.8,www.inphazeelectric.com/,/ (homepage)
tesla charger,17,17,1,0,135000,1.8,inphazeelectric.com/how-to-install-a-tesla-charger-at-home-in-orlando/,/ev-charging-stations/
electric vehicle charger installation,4,4,1,0,49500,5,inphazeelectric.com/how-to-install-a-tesla-charger-at-home-in-orlando/,/ev-charging-stations/
electric vehicle charger installer,,,0,1,49500,5.8,,/ev-charging-stations/
electrical contractor near me,1,1,1,0,49500,17.5,www.inphazeelectric.com/,/ (homepage)
electric vehicle charging installer,66,66,1,0,49500,5.8,inphazeelectric.com/ev-charging-stations/,/ev-charging-stations/
electric vehicle charging installation,48,48,1,0,49500,5,inphazeelectric.com/ev-charging-stations/,/ev-charging-stations/
electrical contractors near me,,,0,1,49500,16.4,,/ (homepage)
electric car charger installations,68,68,1,0,49500,5,inphazeelectric.com/ev-charging-stations/,/ev-charging-stations/
electrico cerca de mi,,,0,1,33100,0.9,,/ (homepage)
electric services,8,8,1,0,22200,5.9,www.inphazeelectric.com/,/ (homepage)
exterior lighting,,,0,1,18100,2,,/lighting/
electric installers,,,0,1,18100,2.3,,/ (homepage)
electrician repairing,,,0,1,18100,7.1,,/electrical-repair
lighting installation,41,41,1,0,12100,7.3,www.inphazeelectric.com/,/lighting/
electrician contractor,20,20,1,0,9900,11.3,inphazeelectric.com/,/ (homepage)
electrician services near me,,,0,1,8100,4.4,,/ (homepage)
local electrician near me,,,0,1,8100,11,,/ (homepage)
cheapest electricity company,9,9,1,0,6600,10.1,www.inphazeelectric.com/,/ (homepage)
electrician near me home service,,,0,1,6600,0.2,,/ (homepage)
tesla wall charger installation,8,8,1,0,6600,3.8,inphazeelectric.com/how-to-install-a-tesla-charger-at-home-in-orlando/,/ev-charging-stations/
lighting saver,,,0,1,6600,0.5,,/lighting/
24 hour electrician,19,19,1,0,4400,17.6,inphazeelectric.com/,/emergency-electrician
24 hour electrician near me,,,0,1,3600,16.5,,/emergency-electrician
circuit breaker panels,,,0,1,3600,2.9,,/electrical-panels/
lighting contractors,10,10,1,0,3600,4.8,inphazeelectric.com/lighting/,/lighting/
tesla home charger installation,13,13,1,0,2900,3.1,inphazeelectric.com/how-to-install-a-tesla-charger-at-home-in-orlando/,/ev-charging-stations/
professional electrician,9,9,1,0,2900,8.3,inphazeelectric.com/,/ (homepage)
electrician in orlando fl,,,0,1,1900,43.6,,/ (homepage)
find an electrician,,,0,1,1900,8.7,,/ (homepage)
home electrician near me,9,9,1,0,1900,16.5,inphazeelectric.com/,/ (homepage)
electric panel upgrades,5,5,1,0,1900,5.7,inphazeelectric.com/how-to-upgrade-your-electrical-panel-for-a-safer-home/,/electrical-panels/
residential electric panel,,,0,1,1600,4,,/electrical-panels/
home ev charger installation cost,,,0,1,1600,3.5,,/ev-charging-stations/ (cost/FAQ section)
qualified electrician,,,0,1,1600,3.1,,/ (homepage)
light fixture repair,,,0,1,1600,9.5,,/lighting/
what does electrical fire smell like,3,3,1,0,1300,0,inphazeelectric.com/what-to-do-if-you-smell-burning-wires/,/ (homepage)
commercial electrical companies near me,17,17,1,0,1300,17.9,inphazeelectric.com/,/commercial-electrician
lightning home protection,,,0,1,1000,1.8,,/home-lightning-surge-protection/
ev charging installation company,,,0,1,1000,5.7,,/ev-charging-stations/
home generator installation,36,36,1,0,1000,5.5,www.inphazeelectric.com/,/generator-installation
tesla home charger installation cost,,,0,1,880,2,,/ev-charging-stations/ (cost/FAQ section)
home generator installation near me,41,41,1,0,880,18.6,www.inphazeelectric.com/,/generator-installation
electrical contracting company,,,0,1,720,5.9,,/ (homepage)
electrical electrician,,,0,1,720,14.3,,/ (homepage)
energy saving solutions,,,0,1,720,4,,/ (homepage)
electric inc,10,10,1,0,720,5.9,www.inphazeelectric.com/,/ (homepage)
how to install an electric car charger,12,12,1,0,590,2.4,inphazeelectric.com/how-to-install-a-tesla-charger-at-home-in-orlando/,/ev-charging-stations/ (cost/FAQ section)
energy efficient light sources,,,0,1,590,0,,/lighting/
master electrician near me,21,21,1,0,590,16.5,www.inphazeelectric.com/,/ (homepage)
electrical wiring service,,,0,1,590,5.1,,/home-and-commercial-wiring/
electricians on call,,,0,1,590,8.6,,/ (homepage)
electrical repair services near me,,,0,1,480,10.6,,/electrical-repair
electric installation company,54,54,1,0,480,5.2,inphazeelectric.com/residential-and-commercial-electrical-services/,/ (homepage)
electrical outlet installation near me,1,1,1,0,480,20.9,www.inphazeelectric.com/,/receptacle-replacement
energy save lighting,76,76,1,0,480,1.8,inphazeelectric.com/best-home-lighting-ideas-to-save-energy-and-money/,/lighting/
energy saving ideas,,,0,1,480,1.7,,/ (homepage)
home rewiring,1,1,1,0,480,3.4,www.inphazeelectric.com/,/home-and-commercial-wiring/
tesla charger installation near me,,,0,1,390,5.7,,/ev-charging-stations/
affordable electricians near me,,,0,1,390,10.2,,/ (homepage)
electrical installation companies,12,38,1,0,390,2.4,inphazeelectric.com/residential-and-commercial-electrical-services/,/ (homepage)
charger installations,,,0,1,390,5.2,,/ (homepage)
ev charging contractors,88,88,1,0,390,5.8,inphazeelectric.com/ev-charging-stations/,/ev-charging-stations/
electrical upgrades,,,0,1,390,4.5,,/ (homepage)
car charging point installation,,,0,1,320,4,,/ev-charging-stations/
electrical contractor services,,,0,1,320,11.3,,/ (homepage)
do i need 200 amp service,,,0,1,320,5.1,,/ (homepage)
light fixture installation near me,1,1,1,0,320,27,www.inphazeelectric.com/,/lighting/
oven smells like burning,3,3,1,0,320,0,inphazeelectric.com/what-to-do-if-you-smell-burning-wires/,/ (homepage)
electric fire smells like fish,,,0,1,260,0,,/ (homepage)
residential electrical repair near me,5,5,1,0,260,29.6,www.inphazeelectric.com/electrical-repair,/electrical-repair
cost to install home ev charger,,,0,1,260,3,,/ev-charging-stations/ (cost/FAQ section)
how long does electrical burning smell last,3,3,1,0,260,0,inphazeelectric.com/what-to-do-if-you-smell-burning-wires/,/ (homepage)
cost to install ev charger,,,0,1,260,2,,/ev-charging-stations/ (cost/FAQ section)
best electrician near me home service,,,0,1,260,0.1,,/ (homepage)
orlando electrical contractors,1,1,1,0,260,22.9,www.inphazeelectric.com/,/ (homepage)
good electrician,13,13,1,0,260,9,inphazeelectric.com/,/ (homepage)
electrical contractors in orlando fl,1,4,1,0,210,17.8,inphazeelectric.com/,/ (homepage)
circuit breaker repair services,,,0,1,210,0,,/electrical-panels/
low voltage lighting installer,21,21,1,0,210,5,www.inphazeelectric.com/,/lighting/
breaker panel repair,11,11,1,0,210,25.4,inphazeelectric.com/electric-panel-repair-vs-replacement/,/electrical-panels/
electrician kissimmee,30,30,1,0,210,20.4,www.inphazeelectric.com/kissimmee-electrician,/kissimmee-electrician
electric charging installation,,,0,1,170,4,,/ev-charging-stations/
efficiency lighting,1,1,1,0,170,3,inphazeelectric.com/best-home-lighting-ideas-to-save-energy-and-money/,/lighting/
electrician lake mary fl,,,0,1,170,39.7,,/lake-mary-electrician
professional electrical services,12,12,1,0,140,7.2,inphazeelectric.com/,/ (homepage)
electrical system upgrade,,,0,1,140,5.4,,/ (homepage)
electric charger installation near me,,,0,1,140,8.4,,/ (homepage)
electrical retrofitting,1,1,1,0,140,0.9,www.inphazeelectric.com/,/ (homepage)
reliable electrician,,,0,1,140,8.4,,/ (homepage)
oviedo electrician,33,64,1,0,140,22,inphazeelectric.com/,/oviedo-electrician
ev electrician,44,44,1,0,140,5.2,inphazeelectric.com/ev-charging-stations/,/ev-charging-stations/
how much does electric car charger cost,11,11,1,0,110,1.2,inphazeelectric.com/ev-charger-installation-cost-florida/,/ev-charging-stations/ (cost/FAQ section)
replacing aluminum wiring,23,23,1,0,110,4.1,www.inphazeelectric.com/blog/aluminum-wiring-florida-insurance,/home-and-commercial-wiring/
all faze electrical,,,0,1,110,0,,/ (homepage)
wire burning smell,49,49,1,0,110,0,inphazeelectric.com/what-to-do-if-you-smell-burning-wires/,/ (homepage)
ev charger installation electrician,,,0,1,90,8.8,,/ev-charging-stations/
lighting installation companies,,,0,1,90,6.7,,/lighting/
electric car charger requirements,,,0,1,90,1.6,,/ev-charging-stations/
do i need a 200 amp service,,,0,1,90,0,,/ (homepage)
tesla home installation,25,25,1,0,90,6.8,inphazeelectric.com/how-to-install-a-tesla-charger-at-home-in-orlando/,/ev-charging-stations/
cost to upgrade breaker panel,,,0,1,70,7,,/electrical-panels/ (cost/FAQ section)
federal pacific electric panel replacement,,,0,1,70,6.3,,/electrical-panels/
electrical panel replacement or upgrading,13,13,1,0,70,8.9,inphazeelectric.com/electric-panel-repair-vs-replacement/,/electrical-panels/
energy efficiency ideas,,,0,1,70,3,,/ (homepage)
electrician orange city,,,0,1,70,23.5,,/ (homepage)
electrical box upgrade,,,0,1,70,4.3,,/ (homepage)
breaker panel upgrades,,,0,1,70,4.6,,/electrical-panels/
ideas to save energy,,,0,1,70,2.2,,/ (homepage)
electrician eastwood,8,8,1,0,70,6.7,inphazeelectric.com/,/ (homepage)
level 2 ev charger cost,19,19,1,0,70,1.3,inphazeelectric.com/ev-charger-installation-cost-florida/,/ev-charging-stations/ (cost/FAQ section)
ev charger quote,,,0,1,70,4.6,,/ev-charging-stations/
breaker upgrade,,,0,1,70,4.6,,/electrical-panels/
residential electrical service installation,,,0,1,50,25.6,,/ (homepage)
electrician winter park fl,,,0,1,50,0,,/winter-park-electrician
public ev charger installation,,,0,1,40,3.2,,/ev-charging-stations/
electrical contractor company near me,12,12,1,0,40,0,inphazeelectric.com/,/ (homepage)
energy saving lighting system,,,0,1,40,0,,/lighting/
longwood electrician,,,0,1,40,19.5,,/longwood-electrician
tesla installers near me,30,30,1,0,40,14.2,inphazeelectric.com/how-to-install-a-tesla-charger-at-home-in-orlando/,/ev-charging-stations/
orange park electrician,,,0,1,40,14.2,,/ (homepage)
electrical service orlando,,,0,1,30,35.7,,/ (homepage)
empresa de electricidad en orlando,1,1,1,0,30,2.3,www.inphazeelectric.com/,/ (homepage)
cost to install level 2 ev charger at home,,,0,1,30,6.4,,/ev-charging-stations/ (cost/FAQ section)
energy efficient lighting upgrades,65,65,1,0,30,0,inphazeelectric.com/best-home-lighting-ideas-to-save-energy-and-money/,/lighting/
tesla wall charger installation near me,25,25,1,0,30,4.4,inphazeelectric.com/how-to-install-a-tesla-charger-at-home-in-orlando/,/ev-charging-stations/
how much to install a tesla charger at home,,,0,1,30,1.6,,/ev-charging-stations/ (cost/FAQ section)
surge protection company,,,0,1,30,2.2,,/home-lightning-surge-protection/
home electrical upgrade,,,0,1,30,3,,/ (homepage)
cloth wiring florida,,,0,1,30,0,,/home-and-commercial-wiring/
electrical system repair,,,0,1,30,0,,/electrical-repair
short circuit smell,1,1,1,0,30,0,inphazeelectric.com/what-to-do-if-you-smell-burning-wires/,/ (homepage)
home repair electrician,17,17,1,0,30,12.4,inphazeelectric.com/electrical-panels/,/electrical-repair
full remodel,1,1,1,0,30,4.2,inphazeelectric.com/kitchen-electrical-upgrades-florida/,/ (homepage)
lightning proof surge protector,,,0,1,20,3.5,,/home-lightning-surge-protection/
tesla charging installation cost,19,19,1,0,20,2,inphazeelectric.com/how-to-install-a-tesla-charger-at-home-in-orlando/,/ev-charging-stations/ (cost/FAQ section)
residential electrical service florida,19,19,1,0,20,0,inphazeelectric.com/,/ (homepage)
cost to replace cloth wiring,,,0,1,20,2.8,,/home-and-commercial-wiring/ (cost/FAQ section)
how to upgrade circuit breaker panel,,,0,1,20,0,,/electrical-panels/ (cost/FAQ section)
electrician to replace breaker,,,0,1,10,17.8,,/electrical-panels/
breaker panel upgrade cost,31,31,1,0,10,4.5,inphazeelectric.com/electrical-panels/,/electrical-panels/ (cost/FAQ section)
companies that install charging stations,41,41,1,0,10,0,inphazeelectric.com/ev-charging-stations/,/ev-charging-stations/
getting a tesla supercharger installed,41,41,1,0,10,0,inphazeelectric.com/how-to-install-a-tesla-charger-at-home-in-orlando/,/ev-charging-stations/
electrician hunters creek,,,0,1,10,0,,/ (homepage)
electrician for electrical panel,22,22,1,0,10,0,inphazeelectric.com/electric-panel-repair-vs-replacement/,/electrical-panels/
electrical upgrades for whole home,,,0,1,10,0,,/ (homepage)
ev installation companies,39,39,1,0,10,2.4,inphazeelectric.com/ev-charging-stations/,/ev-charging-stations/
consumer electrical services inc,83,83,1,0,10,0,inphazeelectric.com/residential-and-commercial-electrical-services/,/ (homepage)
do dimmable lights save energy,,,0,1,10,0,,/lighting/
get tesla charger installed,37,37,1,0,10,3.3,inphazeelectric.com/how-to-install-a-tesla-charger-at-home-in-orlando/,/ev-charging-stations/
best electricians in orlando,8,8,1,0,10,16.6,inphazeelectric.com/,/ (homepage)
upgrade circuit breaker cost,,,0,1,10,2.3,,/electrical-panels/ (cost/FAQ section)
recessed lighting installation orlando,3,3,1,0,10,0,www.inphazeelectric.com/,/lighting/
electric car charger home installation cost,,,0,1,10,1.1,,/ev-charging-stations/ (cost/FAQ section)
residential electrician eastwood,11,11,1,0,10,0,inphazeelectric.com/,/ (homepage)
companies that change electrical panels,,,0,1,10,0,,/electrical-panels/
cost of installing a level 2 charger,25,25,1,0,10,1.2,inphazeelectric.com/ev-charger-installation-cost-florida/,/ (homepage)
electrician maitland fl,,,0,1,10,0,,/maitland-electrician
tesla local electricians,,,0,1,10,0,,/ev-charging-stations/
home electrical service orlando,,,0,1,0,0,,/ (homepage)
generator companies orlando,17,17,1,0,0,0,www.inphazeelectric.com/generator-installation,/generator-installation
orlando electrical company,,,0,1,0,0,,/ (homepage)
residential electrician in orlando,1,1,1,0,0,0,inphazeelectric.com/,/ (homepage)
replacing electrical panel in orlando,5,5,1,0,0,0,www.inphazeelectric.com/,/electrical-panels/
led lighting installation winter springs,,,0,1,0,0,,/winter-springs-electrician (NEW page) -> section linking to /lighting/
generator installers ocoee,,,0,1,0,0,,/ocoee-electrician (NEW page) -> section linking to /generator-installation
commercial electrical wiring in orlando,,,0,1,0,0,,/home-and-commercial-wiring/
backup generator for home apopka,,,0,1,0,0,,/apopka-electrician -> section linking to /generator-installation
residential electrician baldwin park,6,6,1,0,0,0,inphazeelectric.com/,/ (homepage)
generator installation winter garden fl,,,0,1,0,0,,/winter-garden-electrician -> section linking to /generator-installation
surge protection services in orlando,,,0,1,0,0,,/home-lightning-surge-protection/
electrical repair azalea park fl,,,0,1,0,0,,/electrical-repair
wekiwa springs electrician,,,0,1,0,0,,/ (homepage)
is aluminum wiring in a 1970s house dangerous,,,0,1,0,0,,/home-and-commercial-wiring/
residential electrician winter springs,8,8,1,0,0,0,www.inphazeelectric.com/winter-park-electrician,/winter-springs-electrician (NEW page)
generator installation alafaya,,,0,1,0,0,,/generator-installation
whole house surge protector installation st augustine,,,0,1,0,0,,/home-lightning-surge-protection/
indoor lighting optimization,5,5,1,0,0,0,inphazeelectric.com/best-home-lighting-ideas-to-save-energy-and-money/,/lighting/
electrical panel upgrade st augustine,,,0,1,0,0,,/electrical-panels/
how much does panel upgrade cost,29,29,1,0,0,0,inphazeelectric.com/how-to-upgrade-your-electrical-panel-for-a-safer-home/,/electrical-panels/ (cost/FAQ section)
whole home surge protector installation altamonte springs,,,0,1,0,0,,/altamonte-springs-electrician (NEW page) -> section linking to /home-lightning-surge-protection/
ev station installation orlando,6,6,1,0,0,0,inphazeelectric.com/ev-charger-installation-cost-florida/,/ev-charging-stations/
surge protection hudson co,,,0,1,0,0,,/home-lightning-surge-protection/
electrical equipment services,,,0,1,0,0,,/ (homepage)
generator installers orlando,,,0,1,0,0,,/generator-installation
electric companies in orlando,1,1,1,0,0,0,www.inphazeelectric.com/,/ (homepage)
electrical repair winter park fl,8,8,1,0,0,0,www.inphazeelectric.com/blog,/winter-park-electrician -> section linking to /electrical-repair
breaker panel replacement orlando,,,0,1,0,0,,/electrical-panels/
outlet replacement orlando,14,38.5,1,0,0,0,www.inphazeelectric.com/panel-replacement-orlando,/receptacle-replacement
ev station installation winter springs,,,0,1,0,0,,/winter-springs-electrician (NEW page) -> section linking to /ev-charging-stations/
emergency electrician in orlando,19,19,1,0,0,0,www.inphazeelectric.com/emergency-electrician,/emergency-electrician
electrical panel upgrade orange city,27,27,1,0,0,0,www.inphazeelectric.com/panel-replacement-orlando,/electrical-panels/
local electrician sanford,,,0,1,0,0,,/sanford-electrician
generators for home oviedo,,,0,1,0,0,,/oviedo-electrician -> section linking to /generator-installation
whole home surge protection in orlando,,,0,1,0,0,,/home-lightning-surge-protection/
electrical panel upgrade kissimmee,25,39.5,1,0,0,0,www.inphazeelectric.com/electrical-panel-upgrade,/kissimmee-electrician -> section linking to /electrical-panels/
electrical companies in apopka fl,21,21,1,0,0,0,www.inphazeelectric.com/,/apopka-electrician
whole home surge protector installation st augustine,,,0,1,0,0,,/home-lightning-surge-protection/
professional electrician orlando,9,9,1,0,0,0,inphazeelectric.com/about/,/ (homepage)
electrician buenaventura lakes,,,0,1,0,0,,/ (homepage)
tesla charger installation florida,11,11,1,0,0,0,inphazeelectric.com/how-to-install-a-tesla-charger-at-home-in-orlando/,/ev-charging-stations/
electrical remodeling in orlando,1,1,1,0,0,0,www.inphazeelectric.com/,/ (homepage)
home electrical repair services orlando,,,0,1,0,0,,/electrical-repair
home ev charger electrician,97,97,1,0,0,0,inphazeelectric.com/ev-charging-stations/,/ev-charging-stations/
evaluate the home service company service fanatics on electrical panels and home upgrades in florida,,,0,1,0,0,,/electrical-panels/
electrical circuit upgrades,49,49,1,0,0,0,inphazeelectric.com/how-to-upgrade-your-electrical-panel-for-a-safer-home/,/ (homepage)
lighting repair orlando fl,,,0,1,0,0,,/lighting/
generator installation oviedo,9,24,1,0,0,0,www.inphazeelectric.com/oviedo-electrician,/oviedo-electrician -> section linking to /generator-installation
ev charging point installers,58,58,1,0,0,0,inphazeelectric.com/how-to-install-a-tesla-charger-at-home-in-orlando/,/ev-charging-stations/
electrical repair central,46,46,1,0,0,0,inphazeelectric.com/electrical-panels/,/electrical-repair
electrical contractor winter springs,,,0,1,0,0,,/winter-springs-electrician (NEW page)
electric charging station installation winter springs,,,0,1,0,0,,/winter-springs-electrician (NEW page) -> section linking to /ev-charging-stations/
electric vehicle charging point installation,11,11,1,0,0,0,inphazeelectric.com/how-to-install-a-tesla-charger-at-home-in-orlando/,/ev-charging-stations/
circuit breaker installation orlando fl,22,22,1,0,0,0,inphazeelectric.com/electrical-panels/,/electrical-panels/
electrical safety inspection orlando fl,,,0,1,0,0,,/ (homepage)
installing ev charging station in orlando,11,11,1,0,0,0,inphazeelectric.com/how-to-install-a-tesla-charger-at-home-in-orlando/,/ev-charging-stations/
electrical panel upgrade lake mary,,,0,1,0,0,,/lake-mary-electrician -> section linking to /electrical-panels/
ceiling fan installer in orlando,2,2,1,0,0,0,www.inphazeelectric.com/,/lighting/
light switch repair orlando fl,55,55,1,0,0,0,www.inphazeelectric.com/gallery,/lighting/
generator installation wekiva springs,29,43,1,0,0,0,www.inphazeelectric.com/apopka-electrician,/apopka-electrician -> section linking to /generator-installation
electrical panel upgrade eudora,,,0,1,0,0,,/electrical-panels/
backup generator for home oviedo,,,0,1,0,0,,/oviedo-electrician -> section linking to /generator-installation
residential electrical service company in orlando,,,0,1,0,0,,/ (homepage)
light fixture repair winter springs,5,5,1,0,0,0,www.inphazeelectric.com/lighting-installation,/winter-springs-electrician (NEW page) -> section linking to /lighting/
residential electrician avalon park,,,0,1,0,0,,/ (homepage)
christmas light installation college park fl,9,9,1,0,0,0,inphazeelectric.com/historic-home-electrical-upgrades-winter-park/,/lighting/
electrical panel repair​ orlando,,,0,1,0,0,,/electrical-panels/
licensed electrician in orlando,,,0,1,0,0,,/ (homepage)
generator companies lake mary,,,0,1,0,0,,/lake-mary-electrician -> section linking to /generator-installation
home wiring upgrade in apopka fl,21,21,1,0,0,0,www.inphazeelectric.com/,/apopka-electrician -> section linking to /home-and-commercial-wiring/
electrical panel repair​ college park,8,8,1,0,0,0,www.inphazeelectric.com/panel-replacement-orlando,/electrical-panels/
home wiring upgrade near me,1,1,1,0,0,0,www.inphazeelectric.com/,/home-and-commercial-wiring/
rv automatic transfer switch vs manual transfer switch,47,47,1,0,0,0,inphazeelectric.com/manual-vs-automatic-transfer-switch/,/generator-installation (cost/FAQ section)
backup generator winter park,,,0,1,0,0,,/winter-park-electrician -> section linking to /generator-installation
orlando commercial electrician,,,0,1,0,0,,/commercial-electrician
ev charger installation altamonte springs,27,44.5,1,0,0,0,inphazeelectric.com/ev-charging-stations/,/altamonte-springs-electrician (NEW page) -> section linking to /ev-charging-stations/
level 2 ev charger install cost,,,0,1,0,0,,/ev-charging-stations/ (cost/FAQ section)
residential electrical panel upgrades,48,48,1,0,0,0,inphazeelectric.com/how-to-upgrade-your-electrical-panel-for-a-safer-home/,/electrical-panels/
electrician seminole springs fl,,,0,1,0,0,,/ (homepage)
electrical upgrades orlando,13,13,1,0,0,0,inphazeelectric.com/,/ (homepage)
is electrical burning smell toxic to humans,,,0,1,0,0,,/ (homepage)
electrical panel upgrade windermere,,,0,1,0,0,,/windermere-electrician (NEW page) -> section linking to /electrical-panels/
ev charger installation land o lakes fl,28,28,1,0,0,0,inphazeelectric.com/how-to-install-a-tesla-charger-at-home-in-orlando/,/ev-charging-stations/
best electrician in florida,,,0,1,0,0,,/ (homepage)
electrical panel repair orlando,,,0,1,0,0,,/electrical-panels/
ev charging station installs,,,0,1,0,0,,/ev-charging-stations/
ev charger installation central,67,67,1,0,0,0,www.inphazeelectric.com/ev-charger-installation,/ev-charging-stations/
high ceiling chandelier installation orlando,,,0,1,0,0,,/ (homepage)
outdoor security lighting services in orlando,,,0,1,0,0,,/lighting/
dedicated circuit installation winter garden fl,,,0,1,0,0,,/winter-garden-electrician
generator replacements orlando fl,29,63.5,1,0,0,0,www.inphazeelectric.com/panel-replacement-orlando,/generator-installation
smoke detector installation orlando fl,15,15,1,0,0,0,www.inphazeelectric.com/gallery,/ (homepage)
commercial electric repair in orlando,18,18,1,0,0,0,inphazeelectric.com/,/commercial-electrician
ev charger rebates florida,6,6,1,0,0,0,inphazeelectric.com/ev-charger-installation-cost-florida/,/ev-charging-stations/
level 2 charger installation in orlando,16,16,1,0,0,0,www.inphazeelectric.com/blog/ev-charger-installation-cost-orlando,/ (homepage)
meter box replacement orlando,8,8,1,0,0,0,www.inphazeelectric.com/panel-replacement-orlando,/ (homepage)
electric service company in orlando,,,0,1,0,0,,/ (homepage)
winter garden dedicated circuit installation,,,0,1,0,0,,/winter-garden-electrician
electrical services winter garden,,,0,1,0,0,,/winter-garden-electrician
aluminum wiring remediation near me,3,3,1,0,0,0,www.inphazeelectric.com/aluminum-wiring-longwood,/home-and-commercial-wiring/
cloth wiring replacement orlando,2,6.5,1,0,0,0,www.inphazeelectric.com/contact,/home-and-commercial-wiring/
certified professional residential electrician,,,0,1,0,0,,/ (homepage)
evaluate the home service company bob hill plumbing on electrical panels and home upgrades in florida,9,9,1,0,0,0,inphazeelectric.com/electrical-panel-upgrade-vs-replacement-whats-best-for-you/,/electrical-panels/
best home generator lake mary,,,0,1,0,0,,/lake-mary-electrician -> section linking to /generator-installation
professional ev charger installation,37,37,1,0,0,0,inphazeelectric.com/ev-charging-stations/,/ev-charging-stations/
residential electricians sanford,58,58,1,0,0,0,www.inphazeelectric.com/sanford-electrician,/sanford-electrician
ev charging station installers in orlando,,,0,1,0,0,,/ev-charging-stations/
residential circuit upgrades,41,41,1,0,0,0,inphazeelectric.com/how-to-upgrade-your-electrical-panel-for-a-safer-home/,/ (homepage)
electric car charger installation orlando,17,17,1,0,0,0,inphazeelectric.com/how-to-install-a-tesla-charger-at-home-in-orlando/,/ev-charging-stations/
electrical panel upgrade in apopka fl,41,41,1,0,0,0,www.inphazeelectric.com/,/apopka-electrician -> section linking to /electrical-panels/
indoor lighting installation winter springs,53,53,1,0,0,0,www.inphazeelectric.com/lighting-installation,/winter-springs-electrician (NEW page) -> section linking to /lighting/
commercial surge protection in orlando,11,11,1,0,0,0,inphazeelectric.com/home-lightning-surge-protection/,/home-lightning-surge-protection/
electrical panel repair​ oviedo,,,0,1,0,0,,/oviedo-electrician -> section linking to /electrical-panels/
whole home generator installation winter garden fl,,,0,1,0,0,,/winter-garden-electrician -> section linking to /generator-installation
backup generator for house oviedo,36,57,1,0,0,0,www.inphazeelectric.com/blog/whole-home-surge-protection-florida,/oviedo-electrician -> section linking to /generator-installation
commercial electrical repair orlando fl,18,18,1,0,0,0,inphazeelectric.com/,/commercial-electrician
commercial electrical service in orlando,2,9.5,1,0,0,0,inphazeelectric.com/,/commercial-electrician
guide to buying a transfer switch,54,54,1,0,0,0,inphazeelectric.com/manual-vs-automatic-transfer-switch/,/generator-installation
surge protector installation winter garden fl,,,0,1,0,0,,/winter-garden-electrician -> section linking to /home-lightning-surge-protection/
get a quote for whole home generator installation in kissimmee,5,5,1,0,0,0,www.inphazeelectric.com/generator-installation,/kissimmee-electrician -> section linking to /generator-installation
home electrical safety upgrade in orlando,,,0,1,0,0,,/ (homepage)
electrician for chandelier orlando,,,0,1,0,0,,/ (homepage)
ev outlet installation winter springs,3,3,1,0,0,0,www.inphazeelectric.com/lake-mary-electrician,/winter-springs-electrician (NEW page) -> section linking to /ev-charging-stations/
​​circuit breaker repair,,,0,1,0,0,,/electrical-panels/
low voltage electrician in apopka fl,21,21,1,0,0,0,www.inphazeelectric.com/,/apopka-electrician
gfci outlet wiring winter springs,,,0,1,0,0,,/winter-springs-electrician (NEW page) -> section linking to /home-and-commercial-wiring/
residential electricians orlando,,,0,1,0,0,,/ (homepage)
electrical panel upgrade sanford,,,0,1,0,0,,/sanford-electrician -> section linking to /electrical-panels/
electrical panel upgrade estacada,,,0,1,0,0,,/electrical-panels/
generators for home apopka,45,45,1,0,0,0,www.inphazeelectric.com/apopka-electrician,/apopka-electrician -> section linking to /generator-installation
electric repair service in orlando,,,0,1,0,0,,/electrical-repair
ev charger installation wekiva springs,21,21,1,0,0,0,www.inphazeelectric.com/longwood-electrician,/apopka-electrician -> section linking to /ev-charging-stations/
replacement ev charger​ orlando,7,7,1,0,0,0,inphazeelectric.com/how-to-install-an-ev-charging-station-at-home/,/ev-charging-stations/
electrical services college park,5,5,1,0,0,0,inphazeelectric.com/Lake-Mary/,/ (homepage)
ev charging station installation in orlando,15,15,1,0,0,0,inphazeelectric.com/ev-charging-stations/,/ev-charging-stations/
generator installation ocoee,49,49,1,0,0,0,www.inphazeelectric.com/generator-installation,/ocoee-electrician (NEW page) -> section linking to /generator-installation
residential surge protection in orlando,13,13,1,0,0,0,inphazeelectric.com/home-lightning-surge-protection/,/home-lightning-surge-protection/
home ev charger installation florida,,,0,1,0,0,,/ev-charging-stations/
outdated wiring upgrade near me,21,21,1,0,0,0,www.inphazeelectric.com/,/home-and-commercial-wiring/
panel replacements and upgrades,46,46,1,0,0,0,inphazeelectric.com/electrical-panel-upgrade-vs-replacement-whats-best-for-you/,/electrical-panels/
certified tesla installers near me,,,0,1,0,0,,/ev-charging-stations/
installing outdoor security lighting in orlando,20,20,1,0,0,0,inphazeelectric.com/lighting/,/lighting/
electrical outlet installation in apopka fl,21,21,1,0,0,0,www.inphazeelectric.com/,/apopka-electrician -> section linking to /receptacle-replacement
lighting electrician winter springs,8,8,1,0,0,0,www.inphazeelectric.com/winter-park-electrician,/winter-springs-electrician (NEW page) -> section linking to /lighting/
backup generator for house apopka,21,56,1,0,0,0,www.inphazeelectric.com/blog/hurricane-season-electrical-checklist,/apopka-electrician -> section linking to /generator-installation
commercial electric installer in orlando,,,0,1,0,0,,/commercial-electrician
electrical code upgrades in orlando,11,11,1,0,0,0,inphazeelectric.com/electrical-panel-upgrade-vs-replacement-whats-best-for-you/,/ (homepage)
commercial wiring services in orlando,20,20,1,0,0,0,inphazeelectric.com/,/home-and-commercial-wiring/
electrical system installation in orlando,,,0,1,0,0,,/ (homepage)
electrical contractors in lake mary fl,28,28,1,0,0,0,www.inphazeelectric.com/lake-mary-electrician,/lake-mary-electrician
ev charger replacement winter springs,3,3,1,0,0,0,www.inphazeelectric.com/winter-park-electrician,/winter-springs-electrician (NEW page) -> section linking to /ev-charging-stations/
commercial wiring in orlando,,,0,1,0,0,,/home-and-commercial-wiring/
ev charger installation in orlando,17,17,1,0,0,0,www.inphazeelectric.com/blog/ev-charger-installation-cost-orlando,/ev-charging-stations/
outdated wiring upgrade in apopka fl,21,21,1,0,0,0,www.inphazeelectric.com/,/apopka-electrician -> section linking to /home-and-commercial-wiring/
electrical system safety upgrades,41,41,1,0,0,0,inphazeelectric.com/how-to-upgrade-your-electrical-panel-for-a-safer-home/,/ (homepage)
residential electircal services,,,0,1,0,0,,/ (homepage)
ceiling fan installation service in orlando,,,0,1,0,0,,/lighting/
electric vehicle charger installation winter springs,,,0,1,0,0,,/winter-springs-electrician (NEW page) -> section linking to /ev-charging-stations/
electrical residential services in orlando,7,7,1,0,0,0,inphazeelectric.com/,/ (homepage)
ev charger installation celebration,72,72,1,0,0,0,inphazeelectric.com/how-to-install-an-ev-charging-station-at-home/,/ev-charging-stations/
generator companies oviedo,70,70,1,0,0,0,www.inphazeelectric.com/generator-installation,/oviedo-electrician -> section linking to /generator-installation
chandelier light installation orlando,1,1,1,0,0,0,www.inphazeelectric.com/,/lighting/
electrical panel upgrade in orlando,,,0,1,0,0,,/electrical-panels/
electrical installation for residential building in orlando,,,0,1,0,0,,/ (homepage)
electrical contractor in apopka fl,11,26,1,0,0,0,www.inphazeelectric.com/apopka-electrician,/apopka-electrician
detached building wiring lake city fl,5,5,1,0,0,0,inphazeelectric.com/detached-garage-wiring-permit-florida/,/home-and-commercial-wiring/
electrical panel upgrade goldenrod,4,4,1,0,0,0,www.inphazeelectric.com/winter-park-electrician,/electrical-panels/
surge protection installation orlando,,,0,1,0,0,,/home-lightning-surge-protection/
residential electric service in orlando,,,0,1,0,0,,/ (homepage)
electrical repair maitland fl,,,0,1,0,0,,/maitland-electrician -> section linking to /electrical-repair
low voltage lighting installer near me,21,21,1,0,0,0,www.inphazeelectric.com/,/lighting/
gfci outlet wiring maitland,,,0,1,0,0,,/maitland-electrician -> section linking to /home-and-commercial-wiring/
energy-saving lighting system,,,0,1,0,0,,/lighting/
surge damage repair in orlando,,,0,1,0,0,,/home-lightning-surge-protection/
surge protection dogwood acres,,,0,1,0,0,,/home-lightning-surge-protection/
electrical installation in orlando,5,5,1,0,0,0,inphazeelectric.com/,/ (homepage)
electrical repair winter garden,13,13,1,0,0,0,inphazeelectric.com/winter-garden/,/winter-garden-electrician -> section linking to /electrical-repair
surge protectors orlando fl,21,21,1,0,0,0,www.inphazeelectric.com/blog/whole-home-surge-protection-florida,/home-lightning-surge-protection/
generator installers altamonte springs,,,0,1,0,0,,/altamonte-springs-electrician (NEW page) -> section linking to /generator-installation
outlet installation in apopka fl,21,21,1,0,0,0,www.inphazeelectric.com/,/apopka-electrician -> section linking to /receptacle-replacement
electrical panel upgrade bay lake,,,0,1,0,0,,/electrical-panels/
electrical home safety inspection in orlando,7,7,1,0,0,0,www.inphazeelectric.com/,/ (homepage)
electrical service installation in orlando,7,7,1,0,0,0,inphazeelectric.com/,/ (homepage)
indoor lighting installation orlando fl,1,1,1,0,0,0,www.inphazeelectric.com/,/lighting/
generator for home apopka,9,9,1,0,0,0,www.inphazeelectric.com/generator-installation,/apopka-electrician -> section linking to /generator-installation
light fixture installation winter garden fl,1,1,1,0,0,0,www.inphazeelectric.com/,/winter-garden-electrician -> section linking to /lighting/
commercial electricians in longwood florida,8,8,1,0,0,0,inphazeelectric.com/longwood/,/longwood-electrician -> section linking to /commercial-electrician
residential electrical service installation in orlando,,,0,1,0,0,,/ (homepage)
electric system installation in orlando,1,1,1,0,0,0,www.inphazeelectric.com/,/ (homepage)
gfci outlet wiring apopka,,,0,1,0,0,,/apopka-electrician -> section linking to /home-and-commercial-wiring/
ceiling fan installation winter garden fl,1,1,1,0,0,0,www.inphazeelectric.com/,/winter-garden-electrician -> section linking to /lighting/
electrical repair pine hills fl,,,0,1,0,0,,/electrical-repair
commercial electric repair service in orlando,20,20,1,0,0,0,inphazeelectric.com/,/commercial-electrician
electrical repair kissimmee,37,37,1,0,0,0,www.inphazeelectric.com/kissimmee-electrician,/kissimmee-electrician -> section linking to /electrical-repair
pull box installation orlando,,,0,1,0,0,,/ (homepage)
electrical remodeling services in orlando,,,0,1,0,0,,/ (homepage)
riverside electric angi rating reviews,10,10,1,0,0,0,www.inphazeelectric.com/sanford-electrician,/ (homepage)
electrical panel repair winter springs,,,0,1,0,0,,/winter-springs-electrician (NEW page) -> section linking to /electrical-panels/
home electrical repair orlando,,,0,1,0,0,,/electrical-repair
breaker panel replacement near me,21,21,1,0,0,0,inphazeelectric.com/electrical-panels/,/electrical-panels/
electric repair company in orlando,,,0,1,0,0,,/electrical-repair
backup generators winter park,42,42,1,0,0,0,www.inphazeelectric.com/generator-installation,/winter-park-electrician -> section linking to /generator-installation
electrical installation leesburg fl,41,41,1,0,0,0,www.inphazeelectric.com/,/ (homepage)
home backup generator oviedo,,,0,1,0,0,,/oviedo-electrician -> section linking to /generator-installation
electric cars charger installation,9,9,1,0,0,0,inphazeelectric.com/how-to-install-a-tesla-charger-at-home-in-orlando/,/ (homepage)
licensed electrician in apopka fl,3,3,1,0,0,0,www.inphazeelectric.com/apopka-electrician,/apopka-electrician
backup generator installation apopka,,,0,1,0,0,,/apopka-electrician -> section linking to /generator-installation
electrical panel repair apopka,,,0,1,0,0,,/apopka-electrician -> section linking to /electrical-panels/
commercial electrical service company in orlando,,,0,1,0,0,,/commercial-electrician
electrical company winter springs,,,0,1,0,0,,/winter-springs-electrician (NEW page)
home generator installation in apopka fl,10,15.5,1,0,0,0,www.inphazeelectric.com/,/apopka-electrician -> section linking to /generator-installation
whole home surge protection wellington fl,32,32,1,0,0,0,inphazeelectric.com/home-lightning-surge-protection/,/home-lightning-surge-protection/
home electrical installation in orlando,,,0,1,0,0,,/ (homepage)
commercial electrical installation in orlando,16,16,1,0,0,0,inphazeelectric.com/,/commercial-electrician
gfci outlet installation maitland,,,0,1,0,0,,/maitland-electrician -> section linking to /receptacle-replacement
electrical panel upgrade orlando fl,12,12,1,0,0,0,inphazeelectric.com/electrical-panel-upgrade-vs-replacement-whats-best-for-you/,/electrical-panels/
whole home surge protector installation near me,8,8,1,0,0,0,inphazeelectric.com/home-lightning-surge-protection/,/home-lightning-surge-protection/
energy efficient lighting at home,,,0,1,0,0,,/lighting/
breaker panel installation near me,,,0,1,0,0,,/electrical-panels/
meter box replacement winter springs,,,0,1,0,0,,/winter-springs-electrician (NEW page)
electrical outlet installation orlando fl,29,68.33,1,0,0,0,inphazeelectric.com/home-and-commercial-wiring/,/receptacle-replacement
cost of installing ev charger in carport,27,27,1,0,0,0,inphazeelectric.com/ev-charger-installation-cost-florida/,/ev-charging-stations/ (cost/FAQ section)
electrical retrofitting near me,1,1,1,0,0,0,www.inphazeelectric.com/,/ (homepage)
electricians in florida,11,11,1,0,0,0,www.inphazeelectric.com/,/ (homepage)
electrician bay lake,,,0,1,0,0,,/ (homepage)
home rewiring near me,1,1,1,0,0,0,www.inphazeelectric.com/,/home-and-commercial-wiring/
electrician goldenrod,3,3,1,0,0,0,www.inphazeelectric.com/winter-park-electrician,/ (homepage)
electrician in florida,,,0,1,0,0,,/ (homepage)
home lighting solution,6,6,1,0,0,0,inphazeelectric.com/best-home-lighting-ideas-to-save-energy-and-money/,/lighting/
electrical upgrades jobs,89,89,1,0,0,0,inphazeelectric.com/electrical-panels/,/ (homepage)
ev charger installers,45,45,1,0,0,0,inphazeelectric.com/ev-charging-stations/,/ev-charging-stations/
home wiring upgrade,1,1,1,0,0,0,www.inphazeelectric.com/,/home-and-commercial-wiring/
led retrofit orlando,,,0,1,0,0,,/ (homepage)
generator service oviedo,,,0,1,0,0,,/oviedo-electrician -> section linking to /generator-installation
tesla installation,,,0,1,0,0,,/ev-charging-stations/
outdated wiring upgrade,1,1,1,0,0,0,www.inphazeelectric.com/,/home-and-commercial-wiring/
electrician in apopka fl,5,13,1,0,0,0,www.inphazeelectric.com/,/apopka-electrician
generator repair ocoee,41,41,1,0,0,0,www.inphazeelectric.com/winter-garden-electrician,/ocoee-electrician (NEW page) -> section linking to /generator-installation
charging station repair,,,0,1,0,0,,/ev-charging-stations/
electrician st. cloud,,,0,1,0,0,,/ (homepage)
home ev charger florida,,,0,1,0,0,,/ev-charging-stations/
generator oviedo,,,0,1,0,0,,/oviedo-electrician -> section linking to /generator-installation
inc.,,,0,1,0,0,,/ (homepage)
