business_name,business_address,location_id,post_type,content,image_url,schedule_at,cta_type,cta_url,title,start_date,start_time,end_date,end_time,coupon_code,redeem_url,terms_and_conditions
In Phaze Electric Inc.,"500 N Hudson Street, Orlando, FL 32835",,STANDARD,"GFCI outdoor outlet keeps tripping?
Give us a call.
(407) 599-7777",https://raw.githubusercontent.com/jddjunior/inphaze-electric/7c421d840317799304b94cff9c1004ae182249e5/gbp-posts/final/01-2026-10-09-gfci-outdoor-outlet.jpg,2026-10-09 09:00,CALL,,,,,,,,,
In Phaze Electric Inc.,"500 N Hudson Street, Orlando, FL 32835",,STANDARD,"Just bought an electric vehicle?
We can help. Call today.
(407) 599-7777",https://raw.githubusercontent.com/jddjunior/inphaze-electric/7c421d840317799304b94cff9c1004ae182249e5/gbp-posts/final/02-2026-10-12-ev-charger-outdoor.jpg,2026-10-12 09:00,CALL,,,,,,,,,
In Phaze Electric Inc.,"500 N Hudson Street, Orlando, FL 32835",,STANDARD,"Outdoor outlet exposed to the weather?
Licensed electricians ready to help.
(407) 599-7777",https://raw.githubusercontent.com/jddjunior/inphaze-electric/7c421d840317799304b94cff9c1004ae182249e5/gbp-posts/final/03-2026-10-13-weatherproof-gfci.jpg,2026-10-13 09:00,CALL,,,,,,,,,
In Phaze Electric Inc.,"500 N Hudson Street, Orlando, FL 32835",,STANDARD,"Multi-gang meter bank issues?
Fast, code-compliant work.
(407) 599-7777",https://raw.githubusercontent.com/jddjunior/inphaze-electric/7c421d840317799304b94cff9c1004ae182249e5/gbp-posts/final/04-2026-10-15-multi-gang-meter-bank.jpg,2026-10-15 09:00,CALL,,,,,,,,,
In Phaze Electric Inc.,"500 N Hudson Street, Orlando, FL 32835",,STANDARD,"Need an outdoor GFCI outlet?
Call for a free estimate.
(407) 599-7777",https://raw.githubusercontent.com/jddjunior/inphaze-electric/7c421d840317799304b94cff9c1004ae182249e5/gbp-posts/final/05-2026-10-16-exterior-gfci.jpg,2026-10-16 09:00,CALL,,,,,,,,,
In Phaze Electric Inc.,"500 N Hudson Street, Orlando, FL 32835",,STANDARD,"Commercial lights out or flickering?
Same-week service available.
(407) 599-7777",https://raw.githubusercontent.com/jddjunior/inphaze-electric/7c421d840317799304b94cff9c1004ae182249e5/gbp-posts/final/06-2026-10-19-commercial-lighting-fixtures.jpg,2026-10-19 09:00,CALL,,,,,,,,,
In Phaze Electric Inc.,"500 N Hudson Street, Orlando, FL 32835",,STANDARD,"Need a 240V outlet for your EV?
Give us a call.
(407) 599-7777",https://raw.githubusercontent.com/jddjunior/inphaze-electric/7c421d840317799304b94cff9c1004ae182249e5/gbp-posts/final/07-2026-10-20-ev-charger-receptacle.jpg,2026-10-20 09:00,CALL,,,,,,,,,
In Phaze Electric Inc.,"500 N Hudson Street, Orlando, FL 32835",,STANDARD,"Meter base rusted or damaged?
We have over 3000+ top-reviews within Google, Yelp, and Angi.
(407) 599-7777",https://raw.githubusercontent.com/jddjunior/inphaze-electric/7c421d840317799304b94cff9c1004ae182249e5/gbp-posts/final/08-2026-10-22-meter-base-replacement.jpg,2026-10-22 09:00,CALL,,,,,,,,,
In Phaze Electric Inc.,"500 N Hudson Street, Orlando, FL 32835",,STANDARD,"Outdoor outlet missing its cover?
Licensed electricians ready to help.
(407) 599-7777",https://raw.githubusercontent.com/jddjunior/inphaze-electric/7c421d840317799304b94cff9c1004ae182249e5/gbp-posts/final/09-2026-10-23-in-use-outlet-cover.jpg,2026-10-23 09:00,CALL,,,,,,,,,
In Phaze Electric Inc.,"500 N Hudson Street, Orlando, FL 32835",,STANDARD,"Warehouse too dark?
Fast, code-compliant work.
(407) 599-7777",https://raw.githubusercontent.com/jddjunior/inphaze-electric/7c421d840317799304b94cff9c1004ae182249e5/gbp-posts/final/10-2026-10-26-high-bay-lighting.jpg,2026-10-26 09:00,CALL,,,,,,,,,
In Phaze Electric Inc.,"500 N Hudson Street, Orlando, FL 32835",,STANDARD,"Is your panel ready for an EV charger?
Call for a free estimate.
(407) 599-7777",https://raw.githubusercontent.com/jddjunior/inphaze-electric/7c421d840317799304b94cff9c1004ae182249e5/gbp-posts/final/11-2026-10-27-ev-charger-panel.jpg,2026-10-27 09:00,CALL,,,,,,,,,
In Phaze Electric Inc.,"500 N Hudson Street, Orlando, FL 32835",,STANDARD,"Want a new pendant over the kitchen?
Same-week service available.
(407) 599-7777",https://raw.githubusercontent.com/jddjunior/inphaze-electric/7c421d840317799304b94cff9c1004ae182249e5/gbp-posts/final/12-2026-10-29-pendant-light-kitchen.jpg,2026-10-29 09:00,CALL,,,,,,,,,
In Phaze Electric Inc.,"500 N Hudson Street, Orlando, FL 32835",,STANDARD,"Need a meter main combo replaced?
Give us a call.
(407) 599-7777",https://raw.githubusercontent.com/jddjunior/inphaze-electric/7c421d840317799304b94cff9c1004ae182249e5/gbp-posts/final/13-2026-10-30-meter-main-combo.jpg,2026-10-30 09:00,CALL,,,,,,,,,
In Phaze Electric Inc.,"500 N Hudson Street, Orlando, FL 32835",,STANDARD,"Kitchen outlets not up to code?
We can help. Call today.
(407) 599-7777",https://raw.githubusercontent.com/jddjunior/inphaze-electric/7c421d840317799304b94cff9c1004ae182249e5/gbp-posts/final/14-2026-11-02-kitchen-outlets.jpg,2026-11-02 09:00,CALL,,,,,,,,,
In Phaze Electric Inc.,"500 N Hudson Street, Orlando, FL 32835",,STANDARD,"Need a new electrical service installed?
Licensed electricians ready to help.
(407) 599-7777",https://raw.githubusercontent.com/jddjunior/inphaze-electric/7c421d840317799304b94cff9c1004ae182249e5/gbp-posts/final/15-2026-11-03-electrical-service-installation.jpg,2026-11-03 09:00,CALL,,,,,,,,,
In Phaze Electric Inc.,"500 N Hudson Street, Orlando, FL 32835",,STANDARD,"Breaker panel giving you trouble?
We have over 3000+ top-reviews within Google, Yelp, and Angi.
(407) 599-7777",https://raw.githubusercontent.com/jddjunior/inphaze-electric/7c421d840317799304b94cff9c1004ae182249e5/gbp-posts/final/16-2026-11-05-electrical-panel-service.jpg,2026-11-05 09:00,CALL,,,,,,,,,
In Phaze Electric Inc.,"500 N Hudson Street, Orlando, FL 32835",,STANDARD,"Upgrading your warehouse lighting?
Call for a free estimate.
(407) 599-7777",https://raw.githubusercontent.com/jddjunior/inphaze-electric/7c421d840317799304b94cff9c1004ae182249e5/gbp-posts/final/17-2026-11-06-warehouse-lighting.jpg,2026-11-06 09:00,CALL,,,,,,,,,
In Phaze Electric Inc.,"500 N Hudson Street, Orlando, FL 32835",,STANDARD,"Want a Level 2 charger at home?
Same-week service available.
(407) 599-7777",https://raw.githubusercontent.com/jddjunior/inphaze-electric/7c421d840317799304b94cff9c1004ae182249e5/gbp-posts/final/18-2026-11-09-wallbox-ev-charger.jpg,2026-11-09 09:00,CALL,,,,,,,,,
In Phaze Electric Inc.,"500 N Hudson Street, Orlando, FL 32835",,STANDARD,"Light fixture too high to reach?
Give us a call.
(407) 599-7777",https://raw.githubusercontent.com/jddjunior/inphaze-electric/7c421d840317799304b94cff9c1004ae182249e5/gbp-posts/final/19-2026-11-10-high-ceiling-pendant.jpg,2026-11-10 09:00,CALL,,,,,,,,,
In Phaze Electric Inc.,"500 N Hudson Street, Orlando, FL 32835",,STANDARD,"Protect your home from power surges?
We can help. Call today.
(407) 599-7777",https://raw.githubusercontent.com/jddjunior/inphaze-electric/7c421d840317799304b94cff9c1004ae182249e5/gbp-posts/final/20-2026-11-12-surge-protector-meter.jpg,2026-11-12 09:00,CALL,,,,,,,,,
In Phaze Electric Inc.,"500 N Hudson Street, Orlando, FL 32835",,STANDARD,"Want surge protection at the meter?
Licensed electricians ready to help.
(407) 599-7777",https://raw.githubusercontent.com/jddjunior/inphaze-electric/7c421d840317799304b94cff9c1004ae182249e5/gbp-posts/final/21-2026-11-13-meter-surge-protection.jpg,2026-11-13 09:00,CALL,,,,,,,,,
In Phaze Electric Inc.,"500 N Hudson Street, Orlando, FL 32835",,STANDARD,"Adding outlets to an accent wall?
Fast, code-compliant work.
(407) 599-7777",https://raw.githubusercontent.com/jddjunior/inphaze-electric/7c421d840317799304b94cff9c1004ae182249e5/gbp-posts/final/22-2026-11-16-accent-wall-outlet.jpg,2026-11-16 09:00,CALL,,,,,,,,,
In Phaze Electric Inc.,"500 N Hudson Street, Orlando, FL 32835",,STANDARD,"Need power run to your property?
Call for a free estimate.
(407) 599-7777",https://raw.githubusercontent.com/jddjunior/inphaze-electric/7c421d840317799304b94cff9c1004ae182249e5/gbp-posts/final/23-2026-11-17-electrical-service-pole.jpg,2026-11-17 09:00,CALL,,,,,,,,,
In Phaze Electric Inc.,"500 N Hudson Street, Orlando, FL 32835",,STANDARD,"Need a new load center?
We have over 3000+ top-reviews within Google, Yelp, and Angi.
(407) 599-7777",https://raw.githubusercontent.com/jddjunior/inphaze-electric/7c421d840317799304b94cff9c1004ae182249e5/gbp-posts/final/24-2026-11-19-load-center.jpg,2026-11-19 09:00,CALL,,,,,,,,,
In Phaze Electric Inc.,"500 N Hudson Street, Orlando, FL 32835",,STANDARD,"Store lighting need an upgrade?
Give us a call.
(407) 599-7777",https://raw.githubusercontent.com/jddjunior/inphaze-electric/7c421d840317799304b94cff9c1004ae182249e5/gbp-posts/final/25-2026-11-20-retail-lighting.jpg,2026-11-20 09:00,CALL,,,,,,,,,
In Phaze Electric Inc.,"500 N Hudson Street, Orlando, FL 32835",,STANDARD,"Need an outdoor EV charger installed?
We can help. Call today.
(407) 599-7777",https://raw.githubusercontent.com/jddjunior/inphaze-electric/7c421d840317799304b94cff9c1004ae182249e5/gbp-posts/final/26-2026-11-23-ev-charger-exterior.jpg,2026-11-23 09:00,CALL,,,,,,,,,
In Phaze Electric Inc.,"500 N Hudson Street, Orlando, FL 32835",,STANDARD,"Hanging a new dining room fixture?
Licensed electricians ready to help.
(407) 599-7777",https://raw.githubusercontent.com/jddjunior/inphaze-electric/7c421d840317799304b94cff9c1004ae182249e5/gbp-posts/final/27-2026-11-24-dining-room-fixture.jpg,2026-11-24 09:00,CALL,,,,,,,,,
In Phaze Electric Inc.,"500 N Hudson Street, Orlando, FL 32835",,STANDARD,"Lightning season worries?
Fast, code-compliant work.
(407) 599-7777",https://raw.githubusercontent.com/jddjunior/inphaze-electric/7c421d840317799304b94cff9c1004ae182249e5/gbp-posts/final/28-2026-11-25-surge-protector-panel.jpg,2026-11-25 09:00,CALL,,,,,,,,,
In Phaze Electric Inc.,"500 N Hudson Street, Orlando, FL 32835",,STANDARD,"Need an outdoor disconnect installed?
Call for a free estimate.
(407) 599-7777",https://raw.githubusercontent.com/jddjunior/inphaze-electric/7c421d840317799304b94cff9c1004ae182249e5/gbp-posts/final/29-2026-11-27-meter-disconnects.jpg,2026-11-27 09:00,CALL,,,,,,,,,
In Phaze Electric Inc.,"500 N Hudson Street, Orlando, FL 32835",,STANDARD,"Need an outlet in the garage or shop?
Same-week service available.
(407) 599-7777",https://raw.githubusercontent.com/jddjunior/inphaze-electric/7c421d840317799304b94cff9c1004ae182249e5/gbp-posts/final/30-2026-11-30-surface-mount-outlet.jpg,2026-11-30 09:00,CALL,,,,,,,,,
In Phaze Electric Inc.,"500 N Hudson Street, Orlando, FL 32835",,STANDARD,"New electrical service on raw land?
Give us a call.
(407) 599-7777",https://raw.githubusercontent.com/jddjunior/inphaze-electric/7c421d840317799304b94cff9c1004ae182249e5/gbp-posts/final/31-2026-12-01-electrical-service-pedestal.jpg,2026-12-01 09:00,CALL,,,,,,,,,
In Phaze Electric Inc.,"500 N Hudson Street, Orlando, FL 32835",,STANDARD,"Old electrical panel?
We have over 3000+ top-reviews within Google, Yelp, and Angi.
(407) 599-7777",https://raw.githubusercontent.com/jddjunior/inphaze-electric/7c421d840317799304b94cff9c1004ae182249e5/gbp-posts/final/32-2026-12-03-panel-replacement.jpg,2026-12-03 09:00,CALL,,,,,,,,,
In Phaze Electric Inc.,"500 N Hudson Street, Orlando, FL 32835",,STANDARD,"Still running old fluorescent tubes?
Licensed electricians ready to help.
(407) 599-7777",https://raw.githubusercontent.com/jddjunior/inphaze-electric/7c421d840317799304b94cff9c1004ae182249e5/gbp-posts/final/33-2026-12-04-led-fixture-upgrade.jpg,2026-12-04 09:00,CALL,,,,,,,,,
In Phaze Electric Inc.,"500 N Hudson Street, Orlando, FL 32835",,STANDARD,"Need a dedicated circuit?
Fast, code-compliant work.
(407) 599-7777",https://raw.githubusercontent.com/jddjunior/inphaze-electric/7c421d840317799304b94cff9c1004ae182249e5/gbp-posts/final/34-2026-12-07-dedicated-circuit.jpg,2026-12-07 09:00,CALL,,,,,,,,,
In Phaze Electric Inc.,"500 N Hudson Street, Orlando, FL 32835",,STANDARD,"EV charger tripping your breaker?
Call for a free estimate.
(407) 599-7777",https://raw.githubusercontent.com/jddjunior/inphaze-electric/7c421d840317799304b94cff9c1004ae182249e5/gbp-posts/final/35-2026-12-08-ev-charger-circuit.jpg,2026-12-08 09:00,CALL,,,,,,,,,
In Phaze Electric Inc.,"500 N Hudson Street, Orlando, FL 32835",,STANDARD,"Need a chandelier hung?
Same-week service available.
(407) 599-7777",https://raw.githubusercontent.com/jddjunior/inphaze-electric/7c421d840317799304b94cff9c1004ae182249e5/gbp-posts/final/36-2026-12-10-crystal-chandelier.jpg,2026-12-10 09:00,CALL,,,,,,,,,
In Phaze Electric Inc.,"500 N Hudson Street, Orlando, FL 32835",,STANDARD,"Light switches worn out?
Give us a call.
(407) 599-7777",https://raw.githubusercontent.com/jddjunior/inphaze-electric/7c421d840317799304b94cff9c1004ae182249e5/gbp-posts/final/37-2026-12-11-switch-installation.jpg,2026-12-11 09:00,CALL,,,,,,,,,
In Phaze Electric Inc.,"500 N Hudson Street, Orlando, FL 32835",,STANDARD,"Need a GFCI under the sink?
We can help. Call today.
(407) 599-7777",https://raw.githubusercontent.com/jddjunior/inphaze-electric/7c421d840317799304b94cff9c1004ae182249e5/gbp-posts/final/38-2026-12-14-under-sink-gfci.jpg,2026-12-14 09:00,CALL,,,,,,,,,
In Phaze Electric Inc.,"500 N Hudson Street, Orlando, FL 32835",,STANDARD,"Need a whole home surge protector?
Licensed electricians ready to help.
(407) 599-7777",https://raw.githubusercontent.com/jddjunior/inphaze-electric/7c421d840317799304b94cff9c1004ae182249e5/gbp-posts/final/39-2026-12-15-surge-protector-install.jpg,2026-12-15 09:00,CALL,,,,,,,,,
In Phaze Electric Inc.,"500 N Hudson Street, Orlando, FL 32835",,STANDARD,"Meter base needs rebuilding?
We have over 3000+ top-reviews within Google, Yelp, and Angi.
(407) 599-7777",https://raw.githubusercontent.com/jddjunior/inphaze-electric/7c421d840317799304b94cff9c1004ae182249e5/gbp-posts/final/40-2026-12-17-meter-base-rebuild.jpg,2026-12-17 09:00,CALL,,,,,,,,,
In Phaze Electric Inc.,"500 N Hudson Street, Orlando, FL 32835",,STANDARD,"Need weatherproof outlets outside?
Call for a free estimate.
(407) 599-7777",https://raw.githubusercontent.com/jddjunior/inphaze-electric/7c421d840317799304b94cff9c1004ae182249e5/gbp-posts/final/41-2026-12-18-weatherproof-outlets.jpg,2026-12-18 09:00,CALL,,,,,,,,,
In Phaze Electric Inc.,"500 N Hudson Street, Orlando, FL 32835",,STANDARD,"Going solar? Need a solar-ready panel?
Same-week service available.
(407) 599-7777",https://raw.githubusercontent.com/jddjunior/inphaze-electric/7c421d840317799304b94cff9c1004ae182249e5/gbp-posts/final/42-2026-12-21-solar-ready-150-amp-service.jpg,2026-12-21 09:00,CALL,,,,,,,,,
In Phaze Electric Inc.,"500 N Hudson Street, Orlando, FL 32835",,STANDARD,"Messy or overloaded panel?
Give us a call.
(407) 599-7777",https://raw.githubusercontent.com/jddjunior/inphaze-electric/7c421d840317799304b94cff9c1004ae182249e5/gbp-posts/final/43-2026-12-22-panel-wiring.jpg,2026-12-22 09:00,CALL,,,,,,,,,
In Phaze Electric Inc.,"500 N Hudson Street, Orlando, FL 32835",,STANDARD,"Commercial fixture out?
We can help. Call today.
(407) 599-7777",https://raw.githubusercontent.com/jddjunior/inphaze-electric/7c421d840317799304b94cff9c1004ae182249e5/gbp-posts/final/44-2026-12-23-commercial-fixture.jpg,2026-12-23 09:00,CALL,,,,,,,,,
In Phaze Electric Inc.,"500 N Hudson Street, Orlando, FL 32835",,STANDARD,"New circuit for a big appliance?
Licensed electricians ready to help.
(407) 599-7777",https://raw.githubusercontent.com/jddjunior/inphaze-electric/7c421d840317799304b94cff9c1004ae182249e5/gbp-posts/final/45-2026-12-24-dedicated-circuit-conduit.jpg,2026-12-24 09:00,CALL,,,,,,,,,
In Phaze Electric Inc.,"500 N Hudson Street, Orlando, FL 32835",,STANDARD,"Want a smart EV charger installed?
Fast, code-compliant work.
(407) 599-7777",https://raw.githubusercontent.com/jddjunior/inphaze-electric/7c421d840317799304b94cff9c1004ae182249e5/gbp-posts/final/46-2026-12-28-emporia-ev-charger.jpg,2026-12-28 09:00,CALL,,,,,,,,,
In Phaze Electric Inc.,"500 N Hudson Street, Orlando, FL 32835",,STANDARD,"New pendant light to install?
Call for a free estimate.
(407) 599-7777",https://raw.githubusercontent.com/jddjunior/inphaze-electric/7c421d840317799304b94cff9c1004ae182249e5/gbp-posts/final/47-2026-12-29-woven-pendant.jpg,2026-12-29 09:00,CALL,,,,,,,,,
In Phaze Electric Inc.,"500 N Hudson Street, Orlando, FL 32835",,STANDARD,"Smoke detectors chirping or expired?
We have over 3000+ top-reviews within Google, Yelp, and Angi.
(407) 599-7777",https://raw.githubusercontent.com/jddjunior/inphaze-electric/7c421d840317799304b94cff9c1004ae182249e5/gbp-posts/final/48-2026-12-30-smoke-detector.jpg,2026-12-30 09:00,CALL,,,,,,,,,
In Phaze Electric Inc.,"500 N Hudson Street, Orlando, FL 32835",,STANDARD,"Want smart touch switches?
Give us a call.
(407) 599-7777",https://raw.githubusercontent.com/jddjunior/inphaze-electric/7c421d840317799304b94cff9c1004ae182249e5/gbp-posts/final/49-2026-12-31-smart-touch-switch.jpg,2026-12-31 09:00,CALL,,,,,,,,,
In Phaze Electric Inc.,"500 N Hudson Street, Orlando, FL 32835",,STANDARD,"Old wiring in your home?
We can help. Call today.
(407) 599-7777",https://raw.githubusercontent.com/jddjunior/inphaze-electric/7c421d840317799304b94cff9c1004ae182249e5/gbp-posts/final/50-2027-01-04-whole-home-rewire.jpg,2027-01-04 09:00,CALL,,,,,,,,,
In Phaze Electric Inc.,"500 N Hudson Street, Orlando, FL 32835",,STANDARD,"Surge protector installed right?
Licensed electricians ready to help.
(407) 599-7777",https://raw.githubusercontent.com/jddjunior/inphaze-electric/7c421d840317799304b94cff9c1004ae182249e5/gbp-posts/final/51-2027-01-05-surge-protector-wiring.jpg,2027-01-05 09:00,CALL,,,,,,,,,
